2 Sep 2022 04:00:00.000,0.000,-11.289,780.000000
2 Sep 2022 04:01:00.000,3.601,-11.540,780.083699
2 Sep 2022 04:02:00.000,7.201,-11.791,780.333475
2 Sep 2022 04:03:00.000,10.800,-12.041,780.745384
2 Sep 2022 04:04:00.000,14.399,-12.292,781.312927
2 Sep 2022 04:05:00.000,17.996,-12.543,782.027153
2 Sep 2022 04:06:00.000,21.592,-12.793,782.876807
2 Sep 2022 04:07:00.000,25.186,-13.044,783.848512
2 Sep 2022 04:08:00.000,28.778,-13.295,784.926986
2 Sep 2022 04:09:00.000,32.367,-13.545,786.095290
2 Sep 2022 04:10:00.000,35.954,-13.796,787.335098
2 Sep 2022 04:11:00.000,39.539,-14.047,788.626990
2 Sep 2022 04:12:00.000,43.121,-14.297,789.950763
2 Sep 2022 04:13:00.000,46.700,-14.548,791.285747
2 Sep 2022 04:14:00.000,50.277,-14.799,792.611127
2 Sep 2022 04:15:00.000,53.851,-15.050,793.906277
2 Sep 2022 04:16:00.000,57.422,-15.300,795.151066
2 Sep 2022 04:17:00.000,60.991,-15.551,796.326182
2 Sep 2022 04:18:00.000,64.558,-15.802,797.413414
2 Sep 2022 04:19:00.000,68.123,-16.052,798.395940
2 Sep 2022 04:20:00.000,71.686,-16.303,799.258575
2 Sep 2022 04:21:00.000,75.247,-16.554,799.988003
2 Sep 2022 04:22:00.000,78.807,-16.804,800.572972
2 Sep 2022 04:23:00.000,82.366,-17.055,801.004469
2 Sep 2022 04:24:00.000,85.925,-17.306,801.275846
2 Sep 2022 04:25:00.000,89.482,-17.556,801.382928
2 Sep 2022 04:26:00.000,86.960,162.193,801.324064
2 Sep 2022 04:27:00.000,83.401,161.942,801.100162
2 Sep 2022 04:28:00.000,79.843,161.692,800.714668
2 Sep 2022 04:29:00.000,76.283,161.441,800.173518
2 Sep 2022 04:30:00.000,72.722,161.190,799.485051
2 Sep 2022 04:31:00.000,69.160,160.940,798.659882
2 Sep 2022 04:32:00.000,65.595,160.689,797.710746
2 Sep 2022 04:33:00.000,62.029,160.438,796.652306
2 Sep 2022 04:34:00.000,58.461,160.187,795.500935
2 Sep 2022 04:35:00.000,54.890,159.937,794.274466
2 Sep 2022 04:36:00.000,51.317,159.686,792.991921
2 Sep 2022 04:37:00.000,47.741,159.435,791.673223
2 Sep 2022 04:38:00.000,44.162,159.185,790.338889
2 Sep 2022 04:39:00.000,40.581,158.934,789.009710
2 Sep 2022 04:40:00.000,36.997,158.683,787.706433
2 Sep 2022 04:41:00.000,33.411,158.433,786.449429
2 Sep 2022 04:42:00.000,29.822,158.182,785.258380
2 Sep 2022 04:43:00.000,26.231,157.931,784.151959
2 Sep 2022 04:44:00.000,22.638,157.681,783.147540
2 Sep 2022 04:45:00.000,19.043,157.430,782.260912
2 Sep 2022 04:46:00.000,15.446,157.179,781.506030
2 Sep 2022 04:47:00.000,11.847,156.929,780.894787
2 Sep 2022 04:48:00.000,8.248,156.678,780.436821
2 Sep 2022 04:49:00.000,4.648,156.427,780.139357
2 Sep 2022 04:50:00.000,1.047,156.177,780.007092
2 Sep 2022 04:51:00.000,-2.553,155.926,780.042112
2 Sep 2022 04:52:00.000,-6.154,155.675,780.243866
2 Sep 2022 04:53:00.000,-9.753,155.424,780.609168
2 Sep 2022 04:54:00.000,-13.352,155.174,781.132253
2 Sep 2022 04:55:00.000,-16.950,154.923,781.804869
2 Sep 2022 04:56:00.000,-20.546,154.672,782.616415
2 Sep 2022 04:57:00.000,-24.141,154.422,783.554110
2 Sep 2022 04:58:00.000,-27.733,154.171,784.603203
2 Sep 2022 04:59:00.000,-31.323,153.920,785.747209
2 Sep 2022 05:00:00.000,-34.911,153.670,786.968176
2 Sep 2022 05:01:00.000,-38.496,153.419,788.246971
2 Sep 2022 05:02:00.000,-42.079,153.168,789.563588
2 Sep 2022 05:03:00.000,-45.659,152.918,790.897456
2 Sep 2022 05:04:00.000,-49.237,152.667,792.227772
2 Sep 2022 05:05:00.000,-52.811,152.416,793.533820
2 Sep 2022 05:06:00.000,-56.384,152.166,794.795294
2 Sep 2022 05:07:00.000,-59.953,151.915,795.992611
2 Sep 2022 05:08:00.000,-63.521,151.664,797.107211
2 Sep 2022 05:09:00.000,-67.086,151.414,798.121840
2 Sep 2022 05:10:00.000,-70.649,151.163,799.020813
2 Sep 2022 05:11:00.000,-74.211,150.912,799.790247
2 Sep 2022 05:12:00.000,-77.772,150.661,800.418273
2 Sep 2022 05:13:00.000,-81.331,150.411,800.895208
2 Sep 2022 05:14:00.000,-84.889,150.160,801.213708
2 Sep 2022 05:15:00.000,-88.447,149.909,801.368868
2 Sep 2022 05:16:00.000,-87.995,-30.341,801.358299
2 Sep 2022 05:17:00.000,-84.437,-30.592,801.182165
2 Sep 2022 05:18:00.000,-80.878,-30.843,800.843176
2 Sep 2022 05:19:00.000,-77.319,-31.093,800.346552
2 Sep 2022 05:20:00.000,-73.758,-31.344,799.699944
2 Sep 2022 05:21:00.000,-70.196,-31.595,798.913320
2 Sep 2022 05:22:00.000,-66.632,-31.845,797.998816
2 Sep 2022 05:23:00.000,-63.067,-32.096,796.970557
2 Sep 2022 05:24:00.000,-59.499,-32.347,795.844441
2 Sep 2022 05:25:00.000,-55.929,-32.597,794.637904
2 Sep 2022 05:26:00.000,-52.357,-32.848,793.369651
2 Sep 2022 05:27:00.000,-48.781,-33.099,792.059375
2 Sep 2022 05:28:00.000,-45.204,-33.349,790.727451
2 Sep 2022 05:29:00.000,-41.623,-33.600,789.394625
2 Sep 2022 05:30:00.000,-38.040,-33.851,788.081688
2 Sep 2022 05:31:00.000,-34.455,-34.102,786.809157
2 Sep 2022 05:32:00.000,-30.866,-34.352,785.596944
2 Sep 2022 05:33:00.000,-27.276,-34.603,784.464049
2 Sep 2022 05:34:00.000,-23.683,-34.854,783.428253
2 Sep 2022 05:35:00.000,-20.089,-35.104,782.505833
2 Sep 2022 05:36:00.000,-16.492,-35.355,781.711303
2 Sep 2022 05:37:00.000,-12.894,-35.606,781.057177
2 Sep 2022 05:38:00.000,-9.295,-35.856,780.553767
2 Sep 2022 05:39:00.000,-5.695,-36.107,780.209013
2 Sep 2022 05:40:00.000,-2.095,-36.358,780.028358
2 Sep 2022 05:41:00.000,1.506,-36.608,780.014653
2 Sep 2022 05:42:00.000,5.106,-36.859,780.168115
2 Sep 2022 05:43:00.000,8.706,-37.110,780.486321
2 Sep 2022 05:44:00.000,12.305,-37.360,780.964248
2 Sep 2022 05:45:00.000,15.904,-37.611,781.594357
2 Sep 2022 05:46:00.000,19.500,-37.862,782.366712
2 Sep 2022 05:47:00.000,23.095,-38.112,783.269148
2 Sep 2022 05:48:00.000,26.688,-38.363,784.287462
2 Sep 2022 05:49:00.000,30.279,-38.614,785.405648
2 Sep 2022 05:50:00.000,33.868,-38.865,786.606153
2 Sep 2022 05:51:00.000,37.454,-39.115,787.870157
2 Sep 2022 05:52:00.000,41.037,-39.366,789.177873
2 Sep 2022 05:53:00.000,44.618,-39.617,790.508864
2 Sep 2022 05:54:00.000,48.196,-39.867,791.842361
2 Sep 2022 05:55:00.000,51.772,-40.118,793.157587
2 Sep 2022 05:56:00.000,55.345,-40.369,794.434086
2 Sep 2022 05:57:00.000,58.915,-40.619,795.652031
2 Sep 2022 05:58:00.000,62.483,-40.870,796.792537
2 Sep 2022 05:59:00.000,66.049,-41.121,797.837941
2 Sep 2022 06:00:00.000,69.613,-41.371,798.772075
2 Sep 2022 06:01:00.000,73.175,-41.622,799.580511
2 Sep 2022 06:02:00.000,76.736,-41.873,800.250772
2 Sep 2022 06:03:00.000,80.296,-42.123,800.772524
2 Sep 2022 06:04:00.000,83.854,-42.374,801.137730
2 Sep 2022 06:05:00.000,87.412,-42.625,801.340766
2 Sep 2022 06:06:00.000,89.030,137.124,801.378506
2 Sep 2022 06:07:00.000,85.472,136.874,801.250369
2 Sep 2022 06:08:00.000,81.913,136.623,800.958328
2 Sep 2022 06:09:00.000,78.354,136.372,800.506878
2 Sep 2022 06:10:00.000,74.794,136.122,799.902974
2 Sep 2022 06:11:00.000,71.232,135.871,799.155923
2 Sep 2022 06:12:00.000,67.669,135.620,798.277248
2 Sep 2022 06:13:00.000,64.104,135.370,797.280516
2 Sep 2022 06:14:00.000,60.537,135.119,796.181132
2 Sep 2022 06:15:00.000,56.968,134.868,794.996112
2 Sep 2022 06:16:00.000,53.396,134.618,793.743820
2 Sep 2022 06:17:00.000,49.822,134.367,792.443692
2 Sep 2022 06:18:00.000,46.245,134.116,791.115936
2 Sep 2022 06:19:00.000,42.665,133.866,789.781224
2 Sep 2022 06:20:00.000,39.083,133.615,788.460367
2 Sep 2022 06:21:00.000,35.498,133.364,787.173995
2 Sep 2022 06:22:00.000,31.911,133.114,785.942229
2 Sep 2022 06:23:00.000,28.321,132.863,784.784366
2 Sep 2022 06:24:00.000,24.729,132.612,783.718572
2 Sep 2022 06:25:00.000,21.135,132.362,782.761590
2 Sep 2022 06:26:00.000,17.539,132.111,781.928473
2 Sep 2022 06:27:00.000,13.941,131.860,781.232337
2 Sep 2022 06:28:00.000,10.342,131.609,780.684155
2 Sep 2022 06:29:00.000,6.743,131.359,780.292573
2 Sep 2022 06:30:00.000,3.142,131.108,780.063769
2 Sep 2022 06:31:00.000,-0.458,130.857,780.001358
2 Sep 2022 06:32:00.000,-4.059,130.607,780.106323
2 Sep 2022 06:33:00.000,-7.659,130.356,780.377007
2 Sep 2022 06:34:00.000,-11.259,130.105,780.809138
2 Sep 2022 06:35:00.000,-14.857,129.855,781.395897
2 Sep 2022 06:36:00.000,-18.454,129.604,782.128031
2 Sep 2022 06:37:00.000,-22.050,129.353,782.994003
2 Sep 2022 06:38:00.000,-25.643,129.103,783.980183
2 Sep 2022 06:39:00.000,-29.235,128.852,785.071062
2 Sep 2022 06:40:00.000,-32.824,128.601,786.249511
2 Sep 2022 06:41:00.000,-36.411,128.351,787.497046
2 Sep 2022 06:42:00.000,-39.995,128.100,788.794131
2 Sep 2022 06:43:00.000,-43.577,127.849,790.120485
2 Sep 2022 06:44:00.000,-47.156,127.599,791.455401
2 Sep 2022 06:45:00.000,-50.732,127.348,792.778072
2 Sep 2022 06:46:00.000,-54.305,127.097,794.067916
2 Sep 2022 06:47:00.000,-57.877,126.846,795.304890
2 Sep 2022 06:48:00.000,-61.445,126.596,796.469805
2 Sep 2022 06:49:00.000,-65.012,126.345,797.544614
2 Sep 2022 06:50:00.000,-68.576,126.094,798.512687
2 Sep 2022 06:51:00.000,-72.139,125.844,799.359067
2 Sep 2022 06:52:00.000,-75.700,125.593,800.070688
2 Sep 2022 06:53:00.000,-79.260,125.342,800.636577
2 Sep 2022 06:54:00.000,-82.819,125.092,801.048012
2 Sep 2022 06:55:00.000,-86.377,124.841,801.298659
2 Sep 2022 06:56:00.000,-89.935,124.592,801.384658
2 Sep 2022 06:57:00.000,-86.507,-55.660,801.304686
2 Sep 2022 06:58:00.000,-82.948,-55.911,801.059973
2 Sep 2022 06:59:00.000,-79.390,-56.162,800.654287
2 Sep 2022 07:00:00.000,-75.830,-56.412,800.093876
2 Sep 2022 07:01:00.000,-72.269,-56.663,799.387374
2 Sep 2022 07:02:00.000,-68.706,-56.914,798.545678
2 Sep 2022 07:03:00.000,-65.142,-57.165,797.581778
2 Sep 2022 07:04:00.000,-61.575,-57.415,796.510568
2 Sep 2022 07:05:00.000,-58.006,-57.666,795.348621
2 Sep 2022 07:06:00.000,-54.435,-57.917,794.113936
2 Sep 2022 07:07:00.000,-50.862,-58.167,792.825668
2 Sep 2022 07:08:00.000,-47.286,-58.418,791.503832
2 Sep 2022 07:09:00.000,-43.707,-58.669,790.168997
2 Sep 2022 07:10:00.000,-40.125,-58.919,788.841967
2 Sep 2022 07:11:00.000,-36.541,-59.170,787.543459
2 Sep 2022 07:12:00.000,-32.954,-59.421,786.293775
2 Sep 2022 07:13:00.000,-29.365,-59.671,785.112484
2 Sep 2022 07:14:00.000,-25.774,-59.922,784.018111
2 Sep 2022 07:15:00.000,-22.180,-60.173,783.027842
2 Sep 2022 07:16:00.000,-18.585,-60.423,782.157248
2 Sep 2022 07:17:00.000,-14.988,-60.674,781.420033
2 Sep 2022 07:18:00.000,-11.389,-60.925,780.827812
2 Sep 2022 07:19:00.000,-7.790,-61.175,780.389924
2 Sep 2022 07:20:00.000,-4.190,-61.426,780.113279
2 Sep 2022 07:21:00.000,-0.589,-61.677,780.002244
2 Sep 2022 07:22:00.000,3.011,-61.928,780.058571
2 Sep 2022 07:23:00.000,6.612,-62.178,780.281372
2 Sep 2022 07:24:00.000,10.211,-62.429,780.667129
2 Sep 2022 07:25:00.000,13.810,-62.680,781.209754
2 Sep 2022 07:26:00.000,17.408,-62.930,781.900689
2 Sep 2022 07:27:00.000,21.004,-63.181,782.729044
2 Sep 2022 07:28:00.000,24.598,-63.432,783.681775
2 Sep 2022 07:29:00.000,28.190,-63.682,784.743896
2 Sep 2022 07:30:00.000,31.780,-63.933,785.898722
2 Sep 2022 07:31:00.000,35.368,-64.184,787.128133
2 Sep 2022 07:32:00.000,38.953,-64.434,788.412868
2 Sep 2022 07:33:00.000,42.535,-64.685,789.732830
2 Sep 2022 07:34:00.000,46.115,-64.936,791.067403
2 Sep 2022 07:35:00.000,49.692,-65.186,792.395776
2 Sep 2022 07:36:00.000,53.266,-65.437,793.697267
2 Sep 2022 07:37:00.000,56.838,-65.688,794.951644
2 Sep 2022 07:38:00.000,60.407,-65.938,796.139439
2 Sep 2022 07:39:00.000,63.975,-66.189,797.242243
2 Sep 2022 07:40:00.000,67.540,-66.440,798.242988
2 Sep 2022 07:41:00.000,71.103,-66.691,799.126205
2 Sep 2022 07:42:00.000,74.664,-66.941,799.878257
2 Sep 2022 07:43:00.000,78.225,-67.192,800.487542
2 Sep 2022 07:44:00.000,81.784,-67.443,800.944671
2 Sep 2022 07:45:00.000,85.342,-67.693,801.242602
2 Sep 2022 07:46:00.000,88.900,-67.944,801.376748
2 Sep 2022 07:47:00.000,87.542,111.805,801.345045
2 Sep 2022 07:48:00.000,83.984,111.555,801.147980
2 Sep 2022 07:49:00.000,80.425,111.304,800.788587
2 Sep 2022 07:50:00.000,76.865,111.053,800.272399
2 Sep 2022 07:51:00.000,73.305,110.803,799.607370
2 Sep 2022 07:52:00.000,69.743,110.552,798.803753
2 Sep 2022 07:53:00.000,66.179,110.301,797.873947
2 Sep 2022 07:54:00.000,62.613,110.051,796.832315
2 Sep 2022 07:55:00.000,59.045,109.800,795.694966
2 Sep 2022 07:56:00.000,55.474,109.549,794.479512
2 Sep 2022 07:57:00.000,51.902,109.299,793.204800
2 Sep 2022 07:58:00.000,48.326,109.048,791.890626
2 Sep 2022 07:59:00.000,44.748,108.797,790.557431
2 Sep 2022 08:00:00.000,41.167,108.546,789.225984
2 Sep 2022 08:01:00.000,37.584,108.296,787.917060
2 Sep 2022 08:02:00.000,33.998,108.045,786.651116
2 Sep 2022 08:03:00.000,30.410,107.794,785.447966
2 Sep 2022 08:04:00.000,26.819,107.544,784.326470
2 Sep 2022 08:05:00.000,23.226,107.293,783.304234
2 Sep 2022 08:06:00.000,19.631,107.042,782.397325
2 Sep 2022 08:07:00.000,16.034,106.792,781.620014
2 Sep 2022 08:08:00.000,12.436,106.541,780.984546
2 Sep 2022 08:09:00.000,8.837,106.290,780.500938
2 Sep 2022 08:10:00.000,5.237,106.040,780.176821
2 Sep 2022 08:11:00.000,1.637,105.789,780.017311
2 Sep 2022 08:12:00.000,-1.964,105.538,780.024926
2 Sep 2022 08:13:00.000,-5.564,105.288,780.199545
2 Sep 2022 08:14:00.000,-9.164,105.037,780.538412
2 Sep 2022 08:15:00.000,-12.763,104.786,781.036178
2 Sep 2022 08:16:00.000,-16.361,104.536,781.684991
2 Sep 2022 08:17:00.000,-19.958,104.285,782.474622
2 Sep 2022 08:18:00.000,-23.553,104.034,783.392635
2 Sep 2022 08:19:00.000,-27.145,103.783,784.424584
2 Sep 2022 08:20:00.000,-30.736,103.533,785.554252
2 Sep 2022 08:21:00.000,-34.324,103.282,786.763907
2 Sep 2022 08:22:00.000,-37.910,103.031,788.034590
2 Sep 2022 08:23:00.000,-41.493,102.781,789.346414
2 Sep 2022 08:24:00.000,-45.074,102.530,790.678880
2 Sep 2022 08:25:00.000,-48.651,102.279,792.011202
2 Sep 2022 08:26:00.000,-52.227,102.029,793.322625
2 Sep 2022 08:27:00.000,-55.799,101.778,794.592756
2 Sep 2022 08:28:00.000,-59.369,101.527,795.801871
2 Sep 2022 08:29:00.000,-62.937,101.277,796.931225
2 Sep 2022 08:30:00.000,-66.503,101.026,797.963331
2 Sep 2022 08:31:00.000,-70.066,100.775,798.882230
2 Sep 2022 08:32:00.000,-73.629,100.525,799.673729
2 Sep 2022 08:33:00.000,-77.189,100.274,800.325616
2 Sep 2022 08:34:00.000,-80.749,100.023,800.827842
2 Sep 2022 08:35:00.000,-84.307,99.773,801.172668
2 Sep 2022 08:36:00.000,-87.865,99.522,801.354787
2 Sep 2022 08:37:00.000,-88.577,-80.729,801.371393
2 Sep 2022 08:38:00.000,-85.019,-80.980,801.222233
2 Sep 2022 08:39:00.000,-81.460,-81.230,800.909601
2 Sep 2022 08:40:00.000,-77.901,-81.481,800.438312
2 Sep 2022 08:41:00.000,-74.341,-81.732,799.815624
2 Sep 2022 08:42:00.000,-70.779,-81.982,799.051136
2 Sep 2022 08:43:00.000,-67.216,-82.233,798.156642
2 Sep 2022 08:44:00.000,-63.650,-82.484,797.145953
2 Sep 2022 08:45:00.000,-60.083,-82.734,796.034694
2 Sep 2022 08:46:00.000,-56.513,-82.985,794.840067
2 Sep 2022 08:47:00.000,-52.941,-83.236,793.580588
2 Sep 2022 08:48:00.000,-49.367,-83.486,792.275808
2 Sep 2022 08:49:00.000,-45.789,-83.737,790.946013
2 Sep 2022 08:50:00.000,-42.209,-83.988,789.611909
2 Sep 2022 08:51:00.000,-38.627,-84.238,788.294303
2 Sep 2022 08:52:00.000,-35.042,-84.489,787.013777
2 Sep 2022 08:53:00.000,-31.454,-84.740,785.790366
2 Sep 2022 08:54:00.000,-27.864,-84.990,784.643240
2 Sep 2022 08:55:00.000,-24.271,-85.241,783.590398
2 Sep 2022 08:56:00.000,-20.677,-85.492,782.648383
2 Sep 2022 08:57:00.000,-17.081,-85.743,781.832014
2 Sep 2022 08:58:00.000,-13.483,-85.993,781.154146
2 Sep 2022 08:59:00.000,-9.884,-86.244,780.625466
2 Sep 2022 09:00:00.000,-6.284,-86.495,780.254311
2 Sep 2022 09:01:00.000,-2.684,-86.745,780.046539
2 Sep 2022 09:02:00.000,0.917,-86.996,780.005430
2 Sep 2022 09:03:00.000,4.517,-87.247,780.131634
2 Sep 2022 09:04:00.000,8.117,-87.497,780.423158
2 Sep 2022 09:05:00.000,11.717,-87.748,780.875400
2 Sep 2022 09:06:00.000,15.315,-87.999,781.481224
2 Sep 2022 09:07:00.000,18.912,-88.249,782.231079
2 Sep 2022 09:08:00.000,22.507,-88.500,783.113149
2 Sep 2022 09:09:00.000,26.100,-88.751,784.113552
2 Sep 2022 09:10:00.000,29.692,-89.001,785.216559
2 Sep 2022 09:11:00.000,33.281,-89.252,786.404852
2 Sep 2022 09:12:00.000,36.867,-89.503,787.659797
2 Sep 2022 09:13:00.000,40.451,-89.753,788.961746
2 Sep 2022 09:14:00.000,44.032,-90.004,790.290345
2 Sep 2022 09:15:00.000,47.611,-90.255,791.624857
2 Sep 2022 09:16:00.000,51.187,-90.506,792.944485
2 Sep 2022 09:17:00.000,54.760,-90.756,794.228698
2 Sep 2022 09:18:00.000,58.331,-91.007,795.457546
2 Sep 2022 09:19:00.000,61.899,-91.258,796.611968
2 Sep 2022 09:20:00.000,65.466,-91.508,797.674082
2 Sep 2022 09:21:00.000,69.030,-91.759,798.627461
2 Sep 2022 09:22:00.000,72.592,-92.010,799.457373
2 Sep 2022 09:23:00.000,76.153,-92.260,800.151010
2 Sep 2022 09:24:00.000,79.713,-92.511,800.697676
2 Sep 2022 09:25:00.000,83.272,-92.762,801.088948
2 Sep 2022 09:26:00.000,86.830,-93.012,801.318801
2 Sep 2022 09:27:00.000,89.612,86.736,801.383697
2 Sep 2022 09:28:00.000,86.054,86.486,801.282636
2 Sep 2022 09:29:00.000,82.496,86.236,801.017173
2 Sep 2022 09:30:00.000,78.937,85.985,800.591397
2 Sep 2022 09:31:00.000,75.377,85.734,800.011864
2 Sep 2022 09:32:00.000,71.815,85.484,799.287505
2 Sep 2022 09:33:00.000,68.252,85.233,798.429491
2 Sep 2022 09:34:00.000,64.688,84.982,797.451069
2 Sep 2022 09:35:00.000,61.121,84.731,796.367358
2 Sep 2022 09:36:00.000,57.552,84.481,795.195127
2 Sep 2022 09:37:00.000,53.981,84.230,793.952538
2 Sep 2022 09:38:00.000,50.407,83.979,792.658871
2 Sep 2022 09:39:00.000,46.830,83.729,791.334230
2 Sep 2022 09:40:00.000,43.251,83.478,789.999232
2 Sep 2022 09:41:00.000,39.669,83.227,788.674687
2 Sep 2022 09:42:00.000,36.085,82.977,787.381277
2 Sep 2022 09:43:00.000,32.498,82.726,786.139230
2 Sep 2022 09:44:00.000,28.908,82.475,784.967998
2 Sep 2022 09:45:00.000,25.317,82.225,783.885951
2 Sep 2022 09:46:00.000,21.723,81.974,782.910086
2 Sep 2022 09:47:00.000,18.127,81.723,782.055748
2 Sep 2022 09:48:00.000,14.530,81.473,781.336388
2 Sep 2022 09:49:00.000,10.931,81.222,780.763340
2 Sep 2022 09:50:00.000,7.332,80.971,780.345643
2 Sep 2022 09:51:00.000,3.732,80.721,780.089887
2 Sep 2022 09:52:00.000,0.131,80.470,780.000111
2 Sep 2022 09:53:00.000,-3.470,80.219,780.077731
2 Sep 2022 09:54:00.000,-7.070,79.968,780.321521
2 Sep 2022 09:55:00.000,-10.670,79.718,780.727635
2 Sep 2022 09:56:00.000,-14.268,79.467,781.289661
2 Sep 2022 09:57:00.000,-17.866,79.216,781.998738
2 Sep 2022 09:58:00.000,-21.461,78.966,782.843689
2 Sep 2022 09:59:00.000,-25.055,78.715,783.811213
2 Sep 2022 10:00:00.000,-28.647,78.464,784.886093
2 Sep 2022 10:01:00.000,-32.237,78.214,786.051444
2 Sep 2022 10:02:00.000,-35.824,77.963,787.288987
2 Sep 2022 10:03:00.000,-39.409,77.712,788.579336
2 Sep 2022 10:04:00.000,-42.991,77.462,789.902310
2 Sep 2022 10:05:00.000,-46.570,77.211,791.237250
2 Sep 2022 10:06:00.000,-50.147,76.960,792.563344
2 Sep 2022 10:07:00.000,-53.721,76.710,793.859949
2 Sep 2022 10:08:00.000,-57.292,76.459,795.106914
2 Sep 2022 10:09:00.000,-60.862,76.208,796.284889
2 Sep 2022 10:10:00.000,-64.428,75.958,797.375620
2 Sep 2022 10:11:00.000,-67.993,75.707,798.362230
2 Sep 2022 10:12:00.000,-71.556,75.456,799.229470
2 Sep 2022 10:13:00.000,-75.118,75.205,799.963950
2 Sep 2022 10:14:00.000,-78.678,74.955,800.554344
2 Sep 2022 10:15:00.000,-82.237,74.704,800.991552
2 Sep 2022 10:16:00.000,-85.795,74.453,801.268840
2 Sep 2022 10:17:00.000,-89.353,74.203,801.381939
2 Sep 2022 10:18:00.000,-87.089,-106.048,801.329109
2 Sep 2022 10:19:00.000,-83.531,-106.299,801.111162
2 Sep 2022 10:20:00.000,-79.972,-106.549,800.731454
2 Sep 2022 10:21:00.000,-76.412,-106.800,800.195832
2 Sep 2022 10:22:00.000,-72.851,-107.051,799.512549
2 Sep 2022 10:23:00.000,-69.289,-107.301,798.692139
2 Sep 2022 10:24:00.000,-65.725,-107.552,797.747264
2 Sep 2022 10:25:00.000,-62.159,-107.803,796.692522
2 Sep 2022 10:26:00.000,-58.591,-108.053,795.544225
2 Sep 2022 10:27:00.000,-55.020,-108.304,794.320159
2 Sep 2022 10:28:00.000,-51.447,-108.555,793.039309
2 Sep 2022 10:29:00.000,-47.871,-108.806,791.721569
2 Sep 2022 10:30:00.000,-44.293,-109.056,790.387440
2 Sep 2022 10:31:00.000,-40.711,-109.307,789.057709
2 Sep 2022 10:32:00.000,-37.128,-109.558,787.753129
2 Sep 2022 10:33:00.000,-33.541,-109.808,786.494094
2 Sep 2022 10:34:00.000,-29.953,-110.059,785.300312
2 Sep 2022 10:35:00.000,-26.362,-110.310,784.190501
2 Sep 2022 10:36:00.000,-22.768,-110.560,783.182086
2 Sep 2022 10:37:00.000,-19.173,-110.811,782.290919
2 Sep 2022 10:38:00.000,-15.576,-111.062,781.531026
2 Sep 2022 10:39:00.000,-11.978,-111.312,780.914377
2 Sep 2022 10:40:00.000,-8.379,-111.563,780.450697
2 Sep 2022 10:41:00.000,-4.779,-111.814,780.147300
2 Sep 2022 10:42:00.000,-1.178,-112.064,780.008975
2 Sep 2022 10:43:00.000,2.422,-112.315,780.037907
2 Sep 2022 10:44:00.000,6.023,-112.566,780.233639
2 Sep 2022 10:45:00.000,9.623,-112.816,780.593080
2 Sep 2022 10:46:00.000,13.221,-113.067,781.110558
2 Sep 2022 10:47:00.000,16.819,-113.318,781.777909
2 Sep 2022 10:48:00.000,20.415,-113.569,782.584615
2 Sep 2022 10:49:00.000,24.010,-113.819,783.517971
2 Sep 2022 10:50:00.000,27.602,-114.070,784.563292
2 Sep 2022 10:51:00.000,31.193,-114.321,785.704153
2 Sep 2022 10:52:00.000,34.781,-114.571,786.922651
2 Sep 2022 10:53:00.000,38.366,-114.822,788.199690
2 Sep 2022 10:54:00.000,41.949,-115.073,789.515289
2 Sep 2022 10:55:00.000,45.529,-115.323,790.848894
2 Sep 2022 10:56:00.000,49.107,-115.574,792.179704
2 Sep 2022 10:57:00.000,52.681,-115.825,793.486994
2 Sep 2022 10:58:00.000,56.254,-116.075,794.750436
2 Sep 2022 10:59:00.000,59.824,-116.326,795.950418
2 Sep 2022 11:00:00.000,63.391,-116.577,797.068336
2 Sep 2022 11:01:00.000,66.956,-116.827,798.086886
2 Sep 2022 11:02:00.000,70.520,-117.078,798.990318
2 Sep 2022 11:03:00.000,74.082,-117.329,799.764683
2 Sep 2022 11:04:00.000,77.642,-117.579,800.398033
2 Sep 2022 11:05:00.000,81.202,-117.830,800.880606
2 Sep 2022 11:06:00.000,84.760,-118.081,801.204967
2 Sep 2022 11:07:00.000,88.318,-118.331,801.366123
2 Sep 2022 11:08:00.000,88.124,61.418,801.361592
2 Sep 2022 11:09:00.000,84.566,61.167,801.191446
2 Sep 2022 11:10:00.000,81.007,60.916,800.858302
2 Sep 2022 11:11:00.000,77.448,60.666,800.367290
2 Sep 2022 11:12:00.000,73.887,60.415,799.725974
2 Sep 2022 11:13:00.000,70.326,60.164,798.944241
2 Sep 2022 11:14:00.000,66.762,59.914,798.034150
2 Sep 2022 11:15:00.000,63.196,59.663,797.009758
2 Sep 2022 11:16:00.000,59.629,59.412,795.886904
2 Sep 2022 11:17:00.000,56.059,59.162,794.682970
2 Sep 2022 11:18:00.000,52.486,58.911,793.416621
2 Sep 2022 11:19:00.000,48.911,58.660,792.107519
2 Sep 2022 11:20:00.000,45.334,58.410,790.776020
2 Sep 2022 11:21:00.000,41.754,58.159,789.442862
2 Sep 2022 11:22:00.000,38.171,57.908,788.128840
2 Sep 2022 11:23:00.000,34.585,57.658,786.854486
2 Sep 2022 11:24:00.000,30.997,57.407,785.639741
2 Sep 2022 11:25:00.000,27.407,57.156,784.503643
2 Sep 2022 11:26:00.000,23.814,56.905,783.464021
2 Sep 2022 11:27:00.000,20.219,56.655,782.537213
2 Sep 2022 11:28:00.000,16.623,56.404,781.737801
2 Sep 2022 11:29:00.000,13.025,56.153,781.078376
2 Sep 2022 11:30:00.000,9.426,55.903,780.569331
2 Sep 2022 11:31:00.000,5.826,55.652,780.218698
2 Sep 2022 11:32:00.000,2.226,55.401,780.032011
2 Sep 2022 11:33:00.000,-1.375,55.151,780.012216
2 Sep 2022 11:34:00.000,-4.975,54.900,780.159627
2 Sep 2022 11:35:00.000,-8.575,54.649,780.471915
2 Sep 2022 11:36:00.000,-12.175,54.399,780.944153
2 Sep 2022 11:37:00.000,-15.773,54.148,781.568888
2 Sep 2022 11:38:00.000,-19.369,53.897,782.336272
2 Sep 2022 11:39:00.000,-22.965,53.647,783.234215
2 Sep 2022 11:40:00.000,-26.558,53.396,784.248586
2 Sep 2022 11:41:00.000,-30.149,53.145,785.363440
2 Sep 2022 11:42:00.000,-33.737,52.895,786.561274
2 Sep 2022 11:43:00.000,-37.323,52.644,787.823311
2 Sep 2022 11:44:00.000,-40.907,52.393,789.129793
2 Sep 2022 11:45:00.000,-44.488,52.142,790.460301
2 Sep 2022 11:46:00.000,-48.066,51.892,791.794071
2 Sep 2022 11:47:00.000,-51.642,51.641,793.110323
2 Sep 2022 11:48:00.000,-55.215,51.390,794.388582
2 Sep 2022 11:49:00.000,-58.785,51.140,795.608994
2 Sep 2022 11:50:00.000,-62.353,50.889,796.752633
2 Sep 2022 11:51:00.000,-65.919,50.638,797.801787
2 Sep 2022 11:52:00.000,-69.483,50.388,798.740231
2 Sep 2022 11:53:00.000,-73.046,50.137,799.553468
2 Sep 2022 11:54:00.000,-76.607,49.886,800.228947
2 Sep 2022 11:55:00.000,-80.166,49.636,800.756255
2 Sep 2022 11:56:00.000,-83.725,49.385,801.127266
2 Sep 2022 11:57:00.000,-87.283,49.134,801.336268
2 Sep 2022 11:58:00.000,-89.159,-131.117,801.380044
2 Sep 2022 11:59:00.000,-85.601,-131.367,801.257919
2 Sep 2022 12:00:00.000,-82.043,-131.618,800.971773
2 Sep 2022 12:01:00.000,-78.484,-131.868,800.526013
2 Sep 2022 12:02:00.000,-74.923,-132.119,799.927502
2 Sep 2022 12:03:00.000,-71.362,-132.370,799.185467
2 Sep 2022 12:04:00.000,-67.799,-132.621,798.311352
2 Sep 2022 12:05:00.000,-64.234,-132.871,797.318653
2 Sep 2022 12:06:00.000,-60.667,-133.122,796.222712
2 Sep 2022 12:07:00.000,-57.098,-133.373,795.040491
2 Sep 2022 12:08:00.000,-53.526,-133.623,793.790311
2 Sep 2022 12:09:00.000,-49.952,-133.874,792.491571
2 Sep 2022 12:10:00.000,-46.375,-134.125,791.164460
2 Sep 2022 12:11:00.000,-42.795,-134.375,789.829636
2 Sep 2022 12:12:00.000,-39.213,-134.626,788.507911
2 Sep 2022 12:13:00.000,-35.628,-134.877,787.219929
2 Sep 2022 12:14:00.000,-32.041,-135.127,785.985833
2 Sep 2022 12:15:00.000,-28.451,-135.378,784.824958
2 Sep 2022 12:16:00.000,-24.859,-135.629,783.755514
2 Sep 2022 12:17:00.000,-21.265,-135.879,782.794301
2 Sep 2022 12:18:00.000,-17.669,-136.130,781.956437
2 Sep 2022 12:19:00.000,-14.072,-136.381,781.255116
2 Sep 2022 12:20:00.000,-10.473,-136.631,780.701388
2 Sep 2022 12:21:00.000,-6.874,-136.882,780.303988
2 Sep 2022 12:22:00.000,-3.273,-137.133,780.069188
2 Sep 2022 12:23:00.000,0.327,-137.384,780.000693
2 Sep 2022 12:24:00.000,3.928,-137.634,780.099585
2 Sep 2022 12:25:00.000,7.528,-137.885,780.364303
2 Sep 2022 12:26:00.000,11.128,-138.136,780.790669
2 Sep 2022 12:27:00.000,14.726,-138.386,781.371953
2 Sep 2022 12:28:00.000,18.323,-138.637,782.098990
2 Sep 2022 12:29:00.000,21.919,-138.888,782.960323
2 Sep 2022 12:30:00.000,25.513,-139.138,783.942393
2 Sep 2022 12:31:00.000,29.104,-139.389,785.029757
2 Sep 2022 12:32:00.000,32.693,-139.640,786.205338
2 Sep 2022 12:33:00.000,36.280,-139.890,787.450698
2 Sep 2022 12:34:00.000,39.865,-140.141,788.746333
2 Sep 2022 12:35:00.000,43.446,-140.392,790.071984
2 Sep 2022 12:36:00.000,47.025,-140.642,791.406954
2 Sep 2022 12:37:00.000,50.602,-140.893,792.730433
2 Sep 2022 12:38:00.000,54.176,-141.144,794.021826
2 Sep 2022 12:39:00.000,57.747,-141.394,795.261065
2 Sep 2022 12:40:00.000,61.316,-141.645,796.428923
2 Sep 2022 12:41:00.000,64.882,-141.896,797.507309
2 Sep 2022 12:42:00.000,68.447,-142.147,798.479536
2 Sep 2022 12:43:00.000,72.010,-142.397,799.330581
2 Sep 2022 12:44:00.000,75.571,-142.648,800.047307
2 Sep 2022 12:45:00.000,79.131,-142.899,800.618661
2 Sep 2022 12:46:00.000,82.690,-143.149,801.035839
2 Sep 2022 12:47:00.000,86.248,-143.400,801.292414
2 Sep 2022 12:48:00.000,89.806,-143.649,801.384439
2 Sep 2022 12:49:00.000,86.636,36.099,801.310495
2 Sep 2022 12:50:00.000,83.078,35.848,801.071721
2 Sep 2022 12:51:00.000,79.519,35.597,800.671793
2 Sep 2022 12:52:00.000,75.959,35.347,800.116870
2 Sep 2022 12:53:00.000,72.398,35.096,799.415503
2 Sep 2022 12:54:00.000,68.836,34.845,798.578506
2 Sep 2022 12:55:00.000,65.271,34.595,797.618799
2 Sep 2022 12:56:00.000,61.705,34.344,796.551210
2 Sep 2022 12:57:00.000,58.136,34.093,795.392255
2 Sep 2022 12:58:00.000,54.565,33.843,794.159886
2 Sep 2022 12:59:00.000,50.992,33.592,792.873219
2 Sep 2022 13:00:00.000,47.416,33.341,791.552246
2 Sep 2022 13:01:00.000,43.837,33.090,790.217519
2 Sep 2022 13:02:00.000,40.256,32.840,788.889842
2 Sep 2022 13:03:00.000,36.671,32.589,787.589937
2 Sep 2022 13:04:00.000,33.085,32.338,786.338130
2 Sep 2022 13:05:00.000,29.496,32.088,785.154020
2 Sep 2022 13:06:00.000,25.904,31.837,784.056177
2 Sep 2022 13:07:00.000,22.311,31.586,783.061840
2 Sep 2022 13:08:00.000,18.716,31.336,782.186643
2 Sep 2022 13:09:00.000,15.119,31.085,781.444361
2 Sep 2022 13:10:00.000,11.520,30.834,780.846690
2 Sep 2022 13:11:00.000,7.921,30.584,780.403055
2 Sep 2022 13:12:00.000,4.321,30.333,780.120455
2 Sep 2022 13:13:00.000,0.720,30.082,780.003352
2 Sep 2022 13:14:00.000,-2.881,29.832,780.053594
2 Sep 2022 13:15:00.000,-6.481,29.581,780.270388
2 Sep 2022 13:16:00.000,-10.081,29.330,780.650311
2 Sep 2022 13:17:00.000,-13.679,29.080,781.187368
2 Sep 2022 13:18:00.000,-17.277,28.829,781.873088
2 Sep 2022 13:19:00.000,-20.873,28.578,782.696662
2 Sep 2022 13:20:00.000,-24.467,28.327,783.645122
2 Sep 2022 13:21:00.000,-28.060,28.077,784.703549
2 Sep 2022 13:22:00.000,-31.650,27.826,785.855313
2 Sep 2022 13:23:00.000,-35.237,27.575,787.082344
2 Sep 2022 13:24:00.000,-38.822,27.325,788.365416
2 Sep 2022 13:25:00.000,-42.405,27.074,789.684456
2 Sep 2022 13:26:00.000,-45.985,26.823,791.018863
2 Sep 2022 13:27:00.000,-49.562,26.573,792.347825
2 Sep 2022 13:28:00.000,-53.136,26.322,793.650651
2 Sep 2022 13:29:00.000,-56.708,26.071,794.907088
2 Sep 2022 13:30:00.000,-60.278,25.821,796.097633
2 Sep 2022 13:31:00.000,-63.845,25.570,797.203835
2 Sep 2022 13:32:00.000,-67.410,25.319,798.208573
2 Sep 2022 13:33:00.000,-70.973,25.069,799.096313
2 Sep 2022 13:34:00.000,-74.535,24.818,799.853350
2 Sep 2022 13:35:00.000,-78.095,24.567,800.468005
2 Sep 2022 13:36:00.000,-81.654,24.317,800.930804
2 Sep 2022 13:37:00.000,-85.213,24.066,801.234619
2 Sep 2022 13:38:00.000,-88.771,23.815,801.374772
2 Sep 2022 13:39:00.000,-87.671,-156.436,801.349105
2 Sep 2022 13:40:00.000,-84.113,-156.686,801.158015
2 Sep 2022 13:41:00.000,-80.554,-156.937,800.804441
2 Sep 2022 13:42:00.000,-76.995,-157.188,800.293830
2 Sep 2022 13:43:00.000,-73.434,-157.438,799.634047
2 Sep 2022 13:44:00.000,-69.872,-157.689,798.835263
2 Sep 2022 13:45:00.000,-66.308,-157.940,797.909805
2 Sep 2022 13:46:00.000,-62.743,-158.190,796.871967
2 Sep 2022 13:47:00.000,-59.175,-158.441,795.737798
2 Sep 2022 13:48:00.000,-55.604,-158.692,794.524860
2 Sep 2022 13:49:00.000,-52.032,-158.942,793.251961
2 Sep 2022 13:50:00.000,-48.456,-159.193,791.938866
2 Sep 2022 13:51:00.000,-44.878,-159.444,790.606000
2 Sep 2022 13:52:00.000,-41.298,-159.694,789.274125
2 Sep 2022 13:53:00.000,-37.714,-159.945,787.964021
2 Sep 2022 13:54:00.000,-34.128,-160.196,786.696162
2 Sep 2022 13:55:00.000,-30.540,-160.447,785.490391
2 Sep 2022 13:56:00.000,-26.949,-160.697,784.365610
2 Sep 2022 13:57:00.000,-23.357,-160.948,783.339474
2 Sep 2022 13:58:00.000,-19.762,-161.199,782.428110
2 Sep 2022 13:59:00.000,-16.165,-161.449,781.645859
2 Sep 2022 14:00:00.000,-12.567,-161.700,781.005044
2 Sep 2022 14:01:00.000,-8.968,-161.951,780.515766
2 Sep 2022 14:02:00.000,-5.368,-162.201,780.185746
2 Sep 2022 14:03:00.000,-1.768,-162.452,780.020190
2 Sep 2022 14:04:00.000,1.833,-162.703,780.021714
2 Sep 2022 14:05:00.000,5.434,-162.953,780.190294
2 Sep 2022 14:06:00.000,9.034,-163.204,780.523267
2 Sep 2022 14:07:00.000,12.633,-163.455,781.015379
2 Sep 2022 14:08:00.000,16.231,-163.705,781.658865
2 Sep 2022 14:09:00.000,19.827,-163.956,782.443582
2 Sep 2022 14:10:00.000,23.422,-164.207,783.357168
2 Sep 2022 14:11:00.000,27.015,-164.457,784.385249
2 Sep 2022 14:12:00.000,30.605,-164.708,785.511666
2 Sep 2022 14:13:00.000,34.194,-164.959,786.718738
2 Sep 2022 14:14:00.000,37.780,-165.209,787.987546
2 Sep 2022 14:15:00.000,41.363,-165.460,789.298230
2 Sep 2022 14:16:00.000,44.943,-165.711,790.630310
2 Sep 2022 14:17:00.000,48.521,-165.962,791.963001
2 Sep 2022 14:18:00.000,52.097,-166.212,793.275545
2 Sep 2022 14:19:00.000,55.669,-166.463,794.547527
2 Sep 2022 14:20:00.000,59.240,-166.714,795.759197
2 Sep 2022 14:21:00.000,62.807,-166.964,796.891765
2 Sep 2022 14:22:00.000,66.373,-167.215,797.927697
2 Sep 2022 14:23:00.000,69.937,-167.466,798.850972
2 Sep 2022 14:24:00.000,73.499,-167.716,799.647329
2 Sep 2022 14:25:00.000,77.060,-167.967,800.304482
2 Sep 2022 14:26:00.000,80.619,-168.218,800.812299
2 Sep 2022 14:27:00.000,84.178,-168.468,801.162956
2 Sep 2022 14:28:00.000,87.736,-168.719,801.351055
2 Sep 2022 14:29:00.000,88.706,11.030,801.373700
2 Sep 2022 14:30:00.000,85.148,10.779,801.230542
2 Sep 2022 14:31:00.000,81.590,10.529,800.923784
2 Sep 2022 14:32:00.000,78.030,10.278,800.458151
2 Sep 2022 14:33:00.000,74.470,10.027,799.840813
2 Sep 2022 14:34:00.000,70.909,9.777,799.081287
2 Sep 2022 14:35:00.000,67.345,9.526,798.191289
2 Sep 2022 14:36:00.000,63.780,9.275,797.184562
2 Sep 2022 14:37:00.000,60.213,9.025,796.076667
2 Sep 2022 14:38:00.000,56.643,8.774,794.884754
2 Sep 2022 14:39:00.000,53.071,8.523,793.627296
2 Sep 2022 14:40:00.000,49.497,8.273,792.323811
2 Sep 2022 14:41:00.000,45.919,8.022,790.994565
2 Sep 2022 14:42:00.000,42.340,7.771,789.660252
2 Sep 2022 14:43:00.000,38.757,7.521,788.341683
2 Sep 2022 14:44:00.000,35.172,7.270,787.059454
2 Sep 2022 14:45:00.000,31.584,7.019,785.833625
2 Sep 2022 14:46:00.000,27.994,6.769,784.683401
2 Sep 2022 14:47:00.000,24.402,6.518,783.626832
2 Sep 2022 14:48:00.000,20.808,6.267,782.680516
2 Sep 2022 14:49:00.000,17.212,6.017,781.859341
2 Sep 2022 14:50:00.000,13.614,5.766,781.176237
2 Sep 2022 14:51:00.000,10.015,5.515,780.641972
2 Sep 2022 14:52:00.000,6.415,5.264,780.264971
2 Sep 2022 14:53:00.000,2.815,5.014,780.051185
2 Sep 2022 14:54:00.000,-0.786,4.763,780.003990
2 Sep 2022 14:55:00.000,-4.386,4.512,780.124129
2 Sep 2022 14:56:00.000,-7.986,4.262,780.409707
2 Sep 2022 14:57:00.000,-11.586,4.011,780.856216
2 Sep 2022 14:58:00.000,-15.184,3.760,781.456609
2 Sep 2022 14:59:00.000,-18.781,3.510,782.201421
2 Sep 2022 15:00:00.000,-22.376,3.259,783.078915
2 Sep 2022 15:01:00.000,-25.970,3.008,784.075281
2 Sep 2022 15:02:00.000,-29.561,2.758,785.174852
2 Sep 2022 15:03:00.000,-33.150,2.507,786.360363
2 Sep 2022 15:04:00.000,-36.737,2.256,787.613224
2 Sep 2022 15:05:00.000,-40.321,2.006,788.913817
2 Sep 2022 15:06:00.000,-43.902,1.755,790.241809
2 Sep 2022 15:07:00.000,-47.481,1.504,791.576471
2 Sep 2022 15:08:00.000,-51.057,1.254,792.897002
2 Sep 2022 15:09:00.000,-54.630,1.003,794.182857
2 Sep 2022 15:10:00.000,-58.201,0.752,795.414058
2 Sep 2022 15:11:00.000,-61.770,0.501,796.571507
2 Sep 2022 15:12:00.000,-65.336,0.251,797.637275
2 Sep 2022 15:13:00.000,-68.900,0.000,798.594876
2 Sep 2022 15:14:00.000,-72.463,-0.251,799.429514
2 Sep 2022 15:15:00.000,-76.024,-0.501,800.128306
2 Sep 2022 15:16:00.000,-79.584,-0.752,800.680478
2 Sep 2022 15:17:00.000,-83.143,-1.003,801.077521
2 Sep 2022 15:18:00.000,-86.701,-1.253,801.313320
2 Sep 2022 15:19:00.000,-89.741,178.494,801.384246
2 Sep 2022 15:20:00.000,-86.183,178.245,801.289207
2 Sep 2022 15:21:00.000,-82.625,177.995,801.029666
2 Sep 2022 15:22:00.000,-79.066,177.744,800.609618
2 Sep 2022 15:23:00.000,-75.506,177.493,800.035533
2 Sep 2022 15:24:00.000,-71.945,177.243,799.316257
2 Sep 2022 15:25:00.000,-68.382,176.992,798.462883
2 Sep 2022 15:26:00.000,-64.817,176.741,797.488584
2 Sep 2022 15:27:00.000,-61.251,176.491,796.408417
2 Sep 2022 15:28:00.000,-57.682,176.240,795.239094
2 Sep 2022 15:29:00.000,-54.111,175.989,793.998731
2 Sep 2022 15:30:00.000,-50.537,175.738,792.706573
2 Sep 2022 15:31:00.000,-46.960,175.488,791.382700
2 Sep 2022 15:32:00.000,-43.381,175.237,790.047713
2 Sep 2022 15:33:00.000,-39.800,174.986,788.722425
2 Sep 2022 15:34:00.000,-36.215,174.736,787.427525
2 Sep 2022 15:35:00.000,-32.628,174.485,786.183264
2 Sep 2022 15:36:00.000,-29.039,174.234,785.009127
2 Sep 2022 15:37:00.000,-25.447,173.984,783.923531
2 Sep 2022 15:38:00.000,-21.853,173.733,782.943526
2 Sep 2022 15:39:00.000,-18.258,173.482,782.084522
2 Sep 2022 15:40:00.000,-14.661,173.232,781.360042
2 Sep 2022 15:41:00.000,-11.062,172.981,780.781502
2 Sep 2022 15:42:00.000,-7.463,172.730,780.358025
2 Sep 2022 15:43:00.000,-3.862,172.480,780.096295
2 Sep 2022 15:44:00.000,-0.262,172.229,780.000443
2 Sep 2022 15:45:00.000,3.339,171.978,780.071982
2 Sep 2022 15:46:00.000,6.939,171.728,780.309783
2 Sep 2022 15:47:00.000,10.539,171.477,780.710091
2 Sep 2022 15:48:00.000,14.137,171.226,781.266590
2 Sep 2022 15:49:00.000,17.735,170.975,781.970502
2 Sep 2022 15:50:00.000,21.331,170.725,782.810734
2 Sep 2022 15:51:00.000,24.925,170.474,783.774057
2 Sep 2022 15:52:00.000,28.517,170.223,784.845320
2 Sep 2022 15:53:00.000,32.106,169.973,786.007695
2 Sep 2022 15:54:00.000,35.694,169.722,787.242946
2 Sep 2022 15:55:00.000,39.278,169.471,788.531725
2 Sep 2022 15:56:00.000,42.861,169.221,789.853873
2 Sep 2022 15:57:00.000,46.440,168.970,791.188743
2 Sep 2022 15:58:00.000,50.017,168.719,792.515521
2 Sep 2022 15:59:00.000,53.591,168.469,793.813555
2 Sep 2022 16:00:00.000,57.163,168.218,795.062670
2 Sep 2022 16:01:00.000,60.732,167.967,796.243481
2 Sep 2022 16:02:00.000,64.299,167.717,797.337689
2 Sep 2022 16:03:00.000,67.864,167.466,798.328362
2 Sep 2022 16:04:00.000,71.427,167.215,799.200189
2 Sep 2022 16:05:00.000,74.988,166.965,799.939708
2 Sep 2022 16:06:00.000,78.548,166.714,800.535513
2 Sep 2022 16:07:00.000,82.107,166.463,800.978424
2 Sep 2022 16:08:00.000,85.666,166.213,801.261616
2 Sep 2022 16:09:00.000,89.224,165.962,801.380731
2 Sep 2022 16:10:00.000,87.218,-14.289,801.333935
2 Sep 2022 16:11:00.000,83.660,-14.540,801.121948
2 Sep 2022 16:12:00.000,80.101,-14.790,800.748034
2 Sep 2022 16:13:00.000,76.542,-15.041,800.217951
2 Sep 2022 16:14:00.000,72.981,-15.292,799.539864
2 Sep 2022 16:15:00.000,69.419,-15.542,798.724231
2 Sep 2022 16:16:00.000,65.855,-15.793,797.783637
2 Sep 2022 16:17:00.000,62.289,-16.044,796.732613
2 Sep 2022 16:18:00.000,58.720,-16.294,795.587415
2 Sep 2022 16:19:00.000,55.150,-16.545,794.365778
2 Sep 2022 16:20:00.000,51.577,-16.796,793.086648
2 Sep 2022 16:21:00.000,48.001,-17.046,791.769893
2 Sep 2022 16:22:00.000,44.423,-17.297,790.435996
2 Sep 2022 16:23:00.000,40.842,-17.548,789.105741
2 Sep 2022 16:24:00.000,37.258,-17.798,787.799886
2 Sep 2022 16:25:00.000,33.672,-18.049,786.538844
2 Sep 2022 16:26:00.000,30.083,-18.300,785.342355
2 Sep 2022 16:27:00.000,26.492,-18.551,784.229178
2 Sep 2022 16:28:00.000,22.899,-18.801,783.216788
2 Sep 2022 16:29:00.000,19.304,-19.052,782.321100
2 Sep 2022 16:30:00.000,15.707,-19.303,781.556211
2 Sep 2022 16:31:00.000,12.109,-19.553,780.934170
2 Sep 2022 16:32:00.000,8.510,-19.804,780.464785
2 Sep 2022 16:33:00.000,4.910,-20.055,780.155460
2 Sep 2022 16:34:00.000,1.309,-20.305,780.011080
2 Sep 2022 16:35:00.000,-2.291,-20.556,780.033922
2 Sep 2022 16:36:00.000,-5.892,-20.807,780.223628
2 Sep 2022 16:37:00.000,-9.492,-21.057,780.577200
2 Sep 2022 16:38:00.000,-13.091,-21.308,781.089061
2 Sep 2022 16:39:00.000,-16.688,-21.559,781.751133
2 Sep 2022 16:40:00.000,-20.285,-21.809,782.552982
2 Sep 2022 16:41:00.000,-23.879,-22.060,783.481979
2 Sep 2022 16:42:00.000,-27.472,-22.311,784.523507
2 Sep 2022 16:43:00.000,-31.062,-22.561,785.661200
2 Sep 2022 16:44:00.000,-34.650,-22.812,786.877203
2 Sep 2022 16:45:00.000,-38.236,-23.063,788.152460
2 Sep 2022 16:46:00.000,-41.819,-23.314,789.467014
2 Sep 2022 16:47:00.000,-45.399,-23.564,790.800329
2 Sep 2022 16:48:00.000,-48.977,-23.815,792.131605
2 Sep 2022 16:49:00.000,-52.551,-24.066,793.440109
2 Sep 2022 16:50:00.000,-56.124,-24.316,794.705495
2 Sep 2022 16:51:00.000,-59.694,-24.567,795.908116
2 Sep 2022 16:52:00.000,-63.261,-24.818,797.029330
2 Sep 2022 16:53:00.000,-66.827,-25.068,798.051779
2 Sep 2022 16:54:00.000,-70.390,-25.319,798.959653
2 Sep 2022 16:55:00.000,-73.952,-25.570,799.738933
2 Sep 2022 16:56:00.000,-77.513,-25.820,800.377594
2 Sep 2022 16:57:00.000,-81.072,-26.071,800.865794
2 Sep 2022 16:58:00.000,-84.631,-26.322,801.196010
2 Sep 2022 16:59:00.000,-88.189,-26.572,801.363158
2 Sep 2022 17:00:00.000,-88.253,153.177,801.364666
2 Sep 2022 17:01:00.000,-84.695,152.926,801.200511
2 Sep 2022 17:02:00.000,-81.137,152.675,800.873218
2 Sep 2022 17:03:00.000,-77.577,152.425,800.387828
2 Sep 2022 17:04:00.000,-74.017,152.174,799.751818
2 Sep 2022 17:05:00.000,-70.455,151.923,798.974991
2 Sep 2022 17:06:00.000,-66.892,151.673,798.069333
2 Sep 2022 17:07:00.000,-63.326,151.422,797.048830
2 Sep 2022 17:08:00.000,-59.759,151.171,795.929259
2 Sep 2022 17:09:00.000,-56.189,150.921,794.727953
2 Sep 2022 17:10:00.000,-52.616,150.670,793.463534
2 Sep 2022 17:11:00.000,-49.041,150.419,792.155634
2 Sep 2022 17:12:00.000,-45.464,150.169,790.824587
2 Sep 2022 17:13:00.000,-41.884,149.918,789.491124
2 Sep 2022 17:14:00.000,-38.301,149.667,788.176044
2 Sep 2022 17:15:00.000,-34.715,149.417,786.899894
2 Sep 2022 17:16:00.000,-31.127,149.166,785.682642
2 Sep 2022 17:17:00.000,-27.537,148.915,784.543363
2 Sep 2022 17:18:00.000,-23.945,148.665,783.499938
2 Sep 2022 17:19:00.000,-20.350,148.414,782.568762
2 Sep 2022 17:20:00.000,-16.754,148.163,781.764484
2 Sep 2022 17:21:00.000,-13.156,147.913,781.099773
2 Sep 2022 17:22:00.000,-9.557,147.662,780.585106
2 Sep 2022 17:23:00.000,-5.957,147.411,780.228601
2 Sep 2022 17:24:00.000,-2.357,147.160,780.035885
2 Sep 2022 17:25:00.000,1.244,146.910,780.010001
2 Sep 2022 17:26:00.000,4.844,146.659,780.151357
2 Sep 2022 17:27:00.000,8.444,146.408,780.457721
2 Sep 2022 17:28:00.000,12.044,146.158,780.924259
2 Sep 2022 17:29:00.000,15.642,145.907,781.543608
2 Sep 2022 17:30:00.000,19.239,145.656,782.306004
2 Sep 2022 17:31:00.000,22.834,145.406,783.199436
2 Sep 2022 17:32:00.000,26.427,145.155,784.209843
2 Sep 2022 17:33:00.000,30.018,144.904,785.321341
2 Sep 2022 17:34:00.000,33.607,144.654,786.516481
2 Sep 2022 17:35:00.000,37.193,144.403,787.776524
2 Sep 2022 17:36:00.000,40.777,144.152,789.081745
2 Sep 2022 17:37:00.000,44.358,143.902,790.411742
2 Sep 2022 17:38:00.000,47.936,143.651,791.745758
2 Sep 2022 17:39:00.000,51.512,143.400,793.063009
2 Sep 2022 17:40:00.000,55.085,143.150,794.343001
2 Sep 2022 17:41:00.000,58.655,142.899,795.565855
2 Sep 2022 17:42:00.000,62.224,142.648,796.712603
2 Sep 2022 17:43:00.000,65.790,142.397,797.765487
2 Sep 2022 17:44:00.000,69.354,142.147,798.708222
2 Sep 2022 17:45:00.000,72.916,141.896,799.526243
2 Sep 2022 17:46:00.000,76.477,141.645,800.206927
2 Sep 2022 17:47:00.000,80.037,141.395,800.739779
2 Sep 2022 17:48:00.000,83.596,141.144,801.116588
2 Sep 2022 17:49:00.000,87.154,140.894,801.331552
2 Sep 2022 17:50:00.000,89.288,-39.358,801.381362
2 Sep 2022 17:51:00.000,85.730,-39.608,801.265251
2 Sep 2022 17:52:00.000,82.172,-39.859,800.985007
2 Sep 2022 17:53:00.000,78.613,-40.109,800.544944
2 Sep 2022 17:54:00.000,75.053,-40.360,799.951840
2 Sep 2022 17:55:00.000,71.491,-40.611,799.214836
2 Sep 2022 17:56:00.000,67.928,-40.861,798.345299
2 Sep 2022 17:57:00.000,64.364,-41.112,797.356652
2 Sep 2022 17:58:00.000,60.797,-41.363,796.264178
2 Sep 2022 17:59:00.000,57.227,-41.614,795.084781
2 Sep 2022 18:00:00.000,53.656,-41.864,793.836736
2 Sep 2022 18:01:00.000,50.082,-42.115,792.539413
2 Sep 2022 18:02:00.000,46.505,-42.366,791.212973
2 Sep 2022 18:03:00.000,42.926,-42.616,789.878065
2 Sep 2022 18:04:00.000,39.343,-42.867,788.555501
2 Sep 2022 18:05:00.000,35.759,-43.118,787.265934
2 Sep 2022 18:06:00.000,32.171,-43.368,786.029535
2 Sep 2022 18:07:00.000,28.582,-43.619,784.865671
2 Sep 2022 18:08:00.000,24.990,-43.870,783.792598
2 Sep 2022 18:09:00.000,21.396,-44.120,782.827175
2 Sep 2022 18:10:00.000,17.800,-44.371,781.984583
2 Sep 2022 18:11:00.000,14.203,-44.622,781.278089
2 Sep 2022 18:12:00.000,10.604,-44.872,780.718828
2 Sep 2022 18:13:00.000,7.004,-45.123,780.315619
2 Sep 2022 18:14:00.000,3.404,-45.374,780.074826
2 Sep 2022 18:15:00.000,-0.196,-45.624,780.000249
2 Sep 2022 18:16:00.000,-3.797,-45.875,780.093067
2 Sep 2022 18:17:00.000,-7.397,-46.126,780.351814
2 Sep 2022 18:18:00.000,-10.997,-46.377,780.772405
2 Sep 2022 18:19:00.000,-14.595,-46.627,781.348203
2 Sep 2022 18:20:00.000,-18.193,-46.878,782.070127
2 Sep 2022 18:21:00.000,-21.788,-47.129,782.926803
2 Sep 2022 18:22:00.000,-25.382,-47.379,783.904743
2 Sep 2022 18:23:00.000,-28.974,-47.630,784.988569
2 Sep 2022 18:24:00.000,-32.563,-47.881,786.161258
2 Sep 2022 18:25:00.000,-36.150,-48.131,787.404416
2 Sep 2022 18:26:00.000,-39.734,-48.382,788.698575
2 Sep 2022 18:27:00.000,-43.316,-48.633,790.023496
2 Sep 2022 18:28:00.000,-46.895,-48.883,791.358491
2 Sep 2022 18:29:00.000,-50.472,-49.134,792.682752
2 Sep 2022 18:30:00.000,-54.046,-49.385,793.975667
2 Sep 2022 18:31:00.000,-57.617,-49.635,795.217145
2 Sep 2022 18:32:00.000,-61.186,-49.886,796.387923
2 Sep 2022 18:33:00.000,-64.753,-50.137,797.469863
2 Sep 2022 18:34:00.000,-68.317,-50.387,798.446224
2 Sep 2022 18:35:00.000,-71.880,-50.638,799.301918
2 Sep 2022 18:36:00.000,-75.441,-50.889,800.023734
2 Sep 2022 18:37:00.000,-79.001,-51.139,800.600542
2 Sep 2022 18:38:00.000,-82.560,-51.390,801.023453
2 Sep 2022 18:39:00.000,-86.119,-51.641,801.285952
2 Sep 2022 18:40:00.000,-89.677,-51.890,801.383999
2 Sep 2022 18:41:00.000,-86.765,127.858,801.316085
2 Sep 2022 18:42:00.000,-83.207,127.607,801.083255
2 Sep 2022 18:43:00.000,-79.648,127.356,800.689094
2 Sep 2022 18:44:00.000,-76.089,127.106,800.139671
2 Sep 2022 18:45:00.000,-72.528,126.855,799.443451
2 Sep 2022 18:46:00.000,-68.965,126.604,798.611172
2 Sep 2022 18:47:00.000,-65.401,126.354,797.655678
2 Sep 2022 18:48:00.000,-61.835,126.103,796.591732
2 Sep 2022 18:49:00.000,-58.266,125.852,795.435792
2 Sep 2022 18:50:00.000,-54.695,125.602,794.205763
2 Sep 2022 18:51:00.000,-51.122,125.351,792.920725
2 Sep 2022 18:52:00.000,-47.546,125.100,791.600641
2 Sep 2022 18:53:00.000,-43.967,124.850,790.266051
2 Sep 2022 18:54:00.000,-40.386,124.599,788.937752
2 Sep 2022 18:55:00.000,-36.802,124.348,787.636479
2 Sep 2022 18:56:00.000,-33.215,124.097,786.382574
2 Sep 2022 18:57:00.000,-29.626,123.847,785.195670
2 Sep 2022 18:58:00.000,-26.035,123.596,784.094380
2 Sep 2022 18:59:00.000,-22.442,123.345,783.095995
2 Sep 2022 19:00:00.000,-18.846,123.095,782.216213
2 Sep 2022 19:01:00.000,-15.249,122.844,781.468880
2 Sep 2022 19:02:00.000,-11.651,122.593,780.865772
2 Sep 2022 19:03:00.000,-8.052,122.343,780.416399
2 Sep 2022 19:04:00.000,-4.452,122.092,780.127850
2 Sep 2022 19:05:00.000,-0.851,121.841,780.004681
2 Sep 2022 19:06:00.000,2.750,121.591,780.048837
2 Sep 2022 19:07:00.000,6.350,121.340,780.259619
2 Sep 2022 19:08:00.000,9.950,121.089,780.633701
2 Sep 2022 19:09:00.000,13.549,120.839,781.165179
2 Sep 2022 19:10:00.000,17.146,120.588,781.845669
2 Sep 2022 19:11:00.000,20.742,120.337,782.664445
2 Sep 2022 19:12:00.000,24.337,120.087,783.608615
2 Sep 2022 19:13:00.000,27.929,119.836,784.663325
2 Sep 2022 19:14:00.000,31.519,119.585,785.812005
2 Sep 2022 19:15:00.000,35.107,119.334,787.036630
2 Sep 2022 19:16:00.000,38.692,119.084,788.318011
2 Sep 2022 19:17:00.000,42.275,118.833,789.636103
2 Sep 2022 19:18:00.000,45.854,118.582,790.970315
2 Sep 2022 19:19:00.000,49.432,118.332,792.299839
2 Sep 2022 19:20:00.000,53.006,118.081,793.603973
2 Sep 2022 19:21:00.000,56.578,117.830,794.862444
2 Sep 2022 19:22:00.000,60.148,117.580,796.055716
2 Sep 2022 19:23:00.000,63.715,117.329,797.165294
2 Sep 2022 19:24:00.000,67.280,117.078,798.174002
2 Sep 2022 19:25:00.000,70.844,116.828,799.066249
2 Sep 2022 19:26:00.000,74.406,116.577,799.828255
2 Sep 2022 19:27:00.000,77.966,116.326,800.448267
2 Sep 2022 19:28:00.000,81.525,116.076,800.916726
2 Sep 2022 19:29:00.000,85.084,115.825,801.226419
2 Sep 2022 19:30:00.000,88.642,115.575,801.372575
2 Sep 2022 19:31:00.000,87.801,-64.677,801.352946
2 Sep 2022 19:32:00.000,84.242,-64.927,801.167834
2 Sep 2022 19:33:00.000,80.684,-65.178,800.820088
2 Sep 2022 19:34:00.000,77.124,-65.429,800.315063
2 Sep 2022 19:35:00.000,73.564,-65.679,799.660539
2 Sep 2022 19:36:00.000,70.002,-65.930,798.866606
2 Sep 2022 19:37:00.000,66.438,-66.181,797.945514
2 Sep 2022 19:38:00.000,62.872,-66.431,796.911491
2 Sep 2022 19:39:00.000,59.304,-66.682,795.780525
2 Sep 2022 19:40:00.000,55.734,-66.933,794.570128
2 Sep 2022 19:41:00.000,52.162,-67.183,793.299068
2 Sep 2022 19:42:00.000,48.586,-67.434,791.987080
2 Sep 2022 19:43:00.000,45.008,-67.685,790.654570
2 Sep 2022 19:44:00.000,41.428,-67.935,789.322294
2 Sep 2022 19:45:00.000,37.845,-68.186,788.011037
2 Sep 2022 19:46:00.000,34.259,-68.437,786.741289
2 Sep 2022 19:47:00.000,30.671,-68.687,785.532924
2 Sep 2022 19:48:00.000,27.080,-68.938,784.404880
2 Sep 2022 19:49:00.000,23.487,-69.189,783.374865
2 Sep 2022 19:50:00.000,19.892,-69.439,782.459065
2 Sep 2022 19:51:00.000,16.296,-69.690,781.671891
2 Sep 2022 19:52:00.000,12.698,-69.941,781.025743
2 Sep 2022 19:53:00.000,9.099,-70.192,780.530805
2 Sep 2022 19:54:00.000,5.499,-70.442,780.194887
2 Sep 2022 19:55:00.000,1.898,-70.693,780.023291
2 Sep 2022 19:56:00.000,-1.702,-70.944,780.018725
2 Sep 2022 19:57:00.000,-5.303,-71.194,780.181261
2 Sep 2022 19:58:00.000,-8.903,-71.445,780.508334
2 Sep 2022 19:59:00.000,-12.502,-71.696,780.994780
2 Sep 2022 20:00:00.000,-16.100,-71.946,781.632927
2 Sep 2022 20:01:00.000,-19.696,-72.197,782.412712
2 Sep 2022 20:02:00.000,-23.291,-72.448,783.321853
2 Sep 2022 20:03:00.000,-26.884,-72.698,784.346044
2 Sep 2022 20:04:00.000,-30.475,-72.949,785.469187
2 Sep 2022 20:05:00.000,-34.063,-73.200,786.673651
2 Sep 2022 20:06:00.000,-37.649,-73.450,787.940558
2 Sep 2022 20:07:00.000,-41.233,-73.701,789.250075
2 Sep 2022 20:08:00.000,-44.813,-73.952,790.581740
2 Sep 2022 20:09:00.000,-48.391,-74.202,791.914774
2 Sep 2022 20:10:00.000,-51.967,-74.453,793.228411
2 Sep 2022 20:11:00.000,-55.539,-74.704,794.502219
2 Sep 2022 20:12:00.000,-59.110,-74.955,795.716417
2 Sep 2022 20:13:00.000,-62.678,-75.205,796.852177
2 Sep 2022 20:14:00.000,-66.244,-75.456,797.891913
2 Sep 2022 20:15:00.000,-69.807,-75.707,798.819545
2 Sep 2022 20:16:00.000,-73.370,-75.957,799.620745
2 Sep 2022 20:17:00.000,-76.930,-76.208,800.283150
2 Sep 2022 20:18:00.000,-80.490,-76.459,800.796548
2 Sep 2022 20:19:00.000,-84.048,-76.709,801.153029
2 Sep 2022 20:20:00.000,-87.607,-76.960,801.347105
2 Sep 2022 20:21:00.000,-88.836,102.789,801.375786
2 Sep 2022 20:22:00.000,-85.278,102.538,801.238633
2 Sep 2022 20:23:00.000,-81.719,102.288,800.937757
2 Sep 2022 20:24:00.000,-78.160,102.037,800.477789
2 Sep 2022 20:25:00.000,-74.600,101.787,799.865814
2 Sep 2022 20:26:00.000,-71.038,101.536,799.111266
2 Sep 2022 20:27:00.000,-67.475,101.285,798.225782
2 Sep 2022 20:28:00.000,-63.910,101.034,797.223036
2 Sep 2022 20:29:00.000,-60.343,100.784,796.118529
2 Sep 2022 20:30:00.000,-56.773,100.533,794.929354
2 Sep 2022 20:31:00.000,-53.201,100.282,793.673942
2 Sep 2022 20:32:00.000,-49.627,100.032,792.371780
2 Sep 2022 20:33:00.000,-46.050,99.781,791.043109
2 Sep 2022 20:34:00.000,-42.470,99.530,789.708616
2 Sep 2022 20:35:00.000,-38.887,99.280,788.389112
2 Sep 2022 20:36:00.000,-35.302,99.029,787.105206
2 Sep 2022 20:37:00.000,-31.715,98.778,785.876983
2 Sep 2022 20:38:00.000,-28.125,98.528,784.723686
2 Sep 2022 20:39:00.000,-24.533,98.277,783.663411
2 Sep 2022 20:40:00.000,-20.938,98.026,782.712816
2 Sep 2022 20:41:00.000,-17.342,97.776,781.886851
2 Sep 2022 20:42:00.000,-13.745,97.525,781.198525
2 Sep 2022 20:43:00.000,-10.146,97.274,780.658686
2 Sep 2022 20:44:00.000,-6.546,97.024,780.275847
2 Sep 2022 20:45:00.000,-2.946,96.773,780.056053
2 Sep 2022 20:46:00.000,0.655,96.522,780.002771
2 Sep 2022 20:47:00.000,4.255,96.272,780.116844
2 Sep 2022 20:48:00.000,7.855,96.021,780.396470
2 Sep 2022 20:49:00.000,11.455,95.770,780.837235
2 Sep 2022 20:50:00.000,15.053,95.519,781.432186
2 Sep 2022 20:51:00.000,18.650,95.269,782.171939
2 Sep 2022 20:52:00.000,22.246,95.018,783.044839
2 Sep 2022 20:53:00.000,25.839,94.767,784.037146
2 Sep 2022 20:54:00.000,29.431,94.517,785.133259
2 Sep 2022 20:55:00.000,33.020,94.266,786.315964
2 Sep 2022 20:56:00.000,36.606,94.015,787.566714
2 Sep 2022 20:57:00.000,40.190,93.765,788.865924
2 Sep 2022 20:58:00.000,43.772,93.514,790.193282
2 Sep 2022 20:59:00.000,47.351,93.263,791.528066
2 Sep 2022 21:00:00.000,50.927,93.013,792.849474
2 Sep 2022 21:01:00.000,54.500,92.762,794.136944
2 Sep 2022 21:02:00.000,58.071,92.511,795.370472
2 Sep 2022 21:03:00.000,61.640,92.261,796.530925
2 Sep 2022 21:04:00.000,65.206,92.010,797.600325
2 Sep 2022 21:05:00.000,68.771,91.759,798.562129
2 Sep 2022 21:06:00.000,72.333,91.509,799.401475
2 Sep 2022 21:07:00.000,75.895,91.258,800.105409
2 Sep 2022 21:08:00.000,79.454,91.007,800.663075
2 Sep 2022 21:09:00.000,83.013,90.757,801.065880
2 Sep 2022 21:10:00.000,86.571,90.506,801.307621
2 Sep 2022 21:11:00.000,89.871,-89.750,801.384576
2 Sep 2022 21:12:00.000,86.313,-89.996,801.295561
2 Sep 2022 21:13:00.000,82.754,-90.246,801.041946
2 Sep 2022 21:14:00.000,79.195,-90.497,800.627635
2 Sep 2022 21:15:00.000,75.635,-90.748,800.059010
2 Sep 2022 21:16:00.000,72.074,-90.998,799.344832
2 Sep 2022 21:17:00.000,68.512,-91.249,798.496115
2 Sep 2022 21:18:00.000,64.947,-91.500,797.525960
2 Sep 2022 21:19:00.000,61.380,-91.750,796.449358
2 Sep 2022 21:20:00.000,57.812,-92.001,795.282967
2 Sep 2022 21:21:00.000,54.240,-92.252,794.044856
2 Sep 2022 21:22:00.000,50.667,-92.502,792.754234
2 Sep 2022 21:23:00.000,47.090,-92.753,791.431154
2 Sep 2022 21:24:00.000,43.511,-93.004,790.096208
2 Sep 2022 21:25:00.000,39.930,-93.255,788.770202
2 Sep 2022 21:26:00.000,36.345,-93.505,787.473840
2 Sep 2022 21:27:00.000,32.759,-93.756,786.227390
2 Sep 2022 21:28:00.000,29.169,-94.007,785.050374
2 Sep 2022 21:29:00.000,25.578,-94.257,783.961251
2 Sep 2022 21:30:00.000,21.984,-94.508,782.977126
2 Sep 2022 21:31:00.000,18.389,-94.759,782.113473
2 Sep 2022 21:32:00.000,14.791,-95.009,781.383889
2 Sep 2022 21:33:00.000,11.193,-95.260,780.799868
2 Sep 2022 21:34:00.000,7.594,-95.511,780.370622
2 Sep 2022 21:35:00.000,3.993,-95.761,780.102923
2 Sep 2022 21:36:00.000,0.393,-96.012,780.000997
2 Sep 2022 21:37:00.000,-3.208,-96.263,780.066454
2 Sep 2022 21:38:00.000,-6.808,-96.513,780.298259
2 Sep 2022 21:39:00.000,-10.408,-96.764,780.692755
2 Sep 2022 21:40:00.000,-14.007,-97.015,781.243714
2 Sep 2022 21:41:00.000,-17.604,-97.265,781.942447
2 Sep 2022 21:42:00.000,-21.200,-97.516,782.777942
2 Sep 2022 21:43:00.000,-24.794,-97.767,783.737044
2 Sep 2022 21:44:00.000,-28.386,-98.017,784.804668
2 Sep 2022 21:45:00.000,-31.976,-98.268,785.964041
2 Sep 2022 21:46:00.000,-35.563,-98.519,787.196976
2 Sep 2022 21:47:00.000,-39.148,-98.770,788.484158
2 Sep 2022 21:48:00.000,-42.730,-99.020,789.805452
2 Sep 2022 21:49:00.000,-46.310,-99.271,791.140224
2 Sep 2022 21:50:00.000,-49.887,-99.522,792.467661
2 Sep 2022 21:51:00.000,-53.461,-99.772,793.767097
2 Sep 2022 21:52:00.000,-57.033,-100.023,795.018336
2 Sep 2022 21:53:00.000,-60.602,-100.274,796.201958
2 Sep 2022 21:54:00.000,-64.169,-100.524,797.299621
2 Sep 2022 21:55:00.000,-67.734,-100.775,798.294337
2 Sep 2022 21:56:00.000,-71.297,-101.026,799.170732
2 Sep 2022 21:57:00.000,-74.859,-101.276,799.915275
2 Sep 2022 21:58:00.000,-78.419,-101.527,800.516481
2 Sep 2022 21:59:00.000,-81.978,-101.778,800.965084
2 Sep 2022 22:00:00.000,-85.536,-102.028,801.254175
2 Sep 2022 22:01:00.000,-89.094,-102.278,801.379303
2 Sep 2022 22:02:00.000,-87.348,77.470,801.338542
2 Sep 2022 22:03:00.000,-83.790,77.219,801.132520
2 Sep 2022 22:04:00.000,-80.231,76.969,800.764407
2 Sep 2022 22:05:00.000,-76.671,76.718,800.239873
2 Sep 2022 22:06:00.000,-73.110,76.467,799.566998
2 Sep 2022 22:07:00.000,-69.548,76.217,798.756158
2 Sep 2022 22:08:00.000,-65.984,75.966,797.819864
2 Sep 2022 22:09:00.000,-62.418,75.715,796.772580
2 Sep 2022 22:10:00.000,-58.850,75.465,795.630503
2 Sep 2022 22:11:00.000,-55.280,75.214,794.411320
2 Sep 2022 22:12:00.000,-51.707,74.963,793.133937
2 Sep 2022 22:13:00.000,-48.131,74.713,791.818194
2 Sep 2022 22:14:00.000,-44.553,74.462,790.484557
2 Sep 2022 22:15:00.000,-40.972,74.211,789.153805
2 Sep 2022 22:16:00.000,-37.388,73.961,787.846702
2 Sep 2022 22:17:00.000,-33.802,73.710,786.583680
2 Sep 2022 22:18:00.000,-30.214,73.459,785.384509
2 Sep 2022 22:19:00.000,-26.623,73.209,784.267987
2 Sep 2022 22:20:00.000,-23.030,72.958,783.251644
2 Sep 2022 22:21:00.000,-19.435,72.707,782.351455
2 Sep 2022 22:22:00.000,-15.838,72.456,781.581586
2 Sep 2022 22:23:00.000,-12.240,72.206,780.954165
2 Sep 2022 22:24:00.000,-8.641,71.955,780.479084
2 Sep 2022 22:25:00.000,-5.041,71.704,780.163839
2 Sep 2022 22:26:00.000,-1.440,71.454,780.013406
2 Sep 2022 22:27:00.000,2.160,71.203,780.030159
2 Sep 2022 22:28:00.000,5.761,70.952,780.213834
2 Sep 2022 22:29:00.000,9.361,70.702,780.561531
2 Sep 2022 22:30:00.000,12.960,70.451,781.067762
2 Sep 2022 22:31:00.000,16.558,70.200,781.724543
2 Sep 2022 22:32:00.000,20.154,69.950,782.521518
2 Sep 2022 22:33:00.000,23.749,69.699,783.446137
2 Sep 2022 22:34:00.000,27.341,69.448,784.483850
2 Sep 2022 22:35:00.000,30.932,69.198,785.618351
2 Sep 2022 22:36:00.000,34.520,68.947,786.831835
2 Sep 2022 22:37:00.000,38.105,68.696,788.105282
2 Sep 2022 22:38:00.000,41.688,68.446,789.418765
2 Sep 2022 22:39:00.000,45.269,68.195,790.751761
2 Sep 2022 22:40:00.000,48.847,67.944,792.083475
2 Sep 2022 22:41:00.000,52.422,67.693,793.393167
2 Sep 2022 22:42:00.000,55.994,67.443,794.660470
2 Sep 2022 22:43:00.000,59.564,67.192,795.865707
2 Sep 2022 22:44:00.000,63.132,66.941,796.990194
2 Sep 2022 22:45:00.000,66.697,66.691,798.016520
2 Sep 2022 22:46:00.000,70.261,66.440,798.928818
2 Sep 2022 22:47:00.000,73.823,66.189,799.712996
2 Sep 2022 22:48:00.000,77.383,65.939,800.356957
2 Sep 2022 22:49:00.000,80.943,65.688,800.850773
2 Sep 2022 22:50:00.000,84.501,65.437,801.186837
2 Sep 2022 22:51:00.000,88.059,65.187,801.359975
2 Sep 2022 22:52:00.000,88.383,-115.065,801.367521
2 Sep 2022 22:53:00.000,84.825,-115.315,801.209360
2 Sep 2022 22:54:00.000,81.266,-115.566,800.887926
2 Sep 2022 22:55:00.000,77.707,-115.816,800.408167
2 Sep 2022 22:56:00.000,74.146,-116.067,799.777475
2 Sep 2022 22:57:00.000,70.585,-116.318,799.005571
2 Sep 2022 22:58:00.000,67.021,-116.568,798.104364
2 Sep 2022 22:59:00.000,63.456,-116.819,797.087770
2 Sep 2022 23:00:00.000,59.888,-117.070,795.971506
2 Sep 2022 23:01:00.000,56.319,-117.320,794.772853
2 Sep 2022 23:02:00.000,52.746,-117.571,793.510390
2 Sep 2022 23:03:00.000,49.172,-117.822,792.203717
2 Sep 2022 23:04:00.000,45.594,-118.072,790.873151
2 Sep 2022 23:05:00.000,42.014,-118.323,789.539410
2 Sep 2022 23:06:00.000,38.431,-118.574,788.223300
2 Sep 2022 23:07:00.000,34.846,-118.824,786.945380
2 Sep 2022 23:08:00.000,31.258,-119.075,785.725646
2 Sep 2022 23:09:00.000,27.668,-119.326,784.583211
2 Sep 2022 23:10:00.000,24.075,-119.576,783.536003
2 Sep 2022 23:11:00.000,20.481,-119.827,782.600478
2 Sep 2022 23:12:00.000,16.885,-120.078,781.791352
2 Sep 2022 23:13:00.000,13.287,-120.328,781.121369
2 Sep 2022 23:14:00.000,9.688,-120.579,780.601090
2 Sep 2022 23:15:00.000,6.088,-120.830,780.238720
2 Sep 2022 23:16:00.000,2.488,-121.080,780.039980
2 Sep 2022 23:17:00.000,-1.113,-121.331,780.008007
2 Sep 2022 23:18:00.000,-4.714,-121.582,780.143305
2 Sep 2022 23:19:00.000,-8.314,-121.833,780.443740
2 Sep 2022 23:20:00.000,-11.913,-122.083,780.904567
2 Sep 2022 23:21:00.000,-15.511,-122.334,781.518517
2 Sep 2022 23:22:00.000,-19.108,-122.585,782.275909
2 Sep 2022 23:23:00.000,-22.703,-122.835,783.164812
2 Sep 2022 23:24:00.000,-26.296,-123.086,784.171233
2 Sep 2022 23:25:00.000,-29.888,-123.337,785.279354
2 Sep 2022 23:26:00.000,-33.476,-123.587,786.471774
2 Sep 2022 23:27:00.000,-37.063,-123.838,787.729798
2 Sep 2022 23:28:00.000,-40.646,-124.089,789.033730
2 Sep 2022 23:29:00.000,-44.228,-124.339,790.363189
2 Sep 2022 23:30:00.000,-47.806,-124.590,791.697424
2 Sep 2022 23:31:00.000,-51.382,-124.841,793.015645
2 Sep 2022 23:32:00.000,-54.955,-125.091,794.297346
2 Sep 2022 23:33:00.000,-58.526,-125.342,795.522615
2 Sep 2022 23:34:00.000,-62.094,-125.593,796.672450
2 Sep 2022 23:35:00.000,-65.660,-125.843,797.729042
2 Sep 2022 23:36:00.000,-69.224,-126.094,798.676048
2 Sep 2022 23:37:00.000,-72.787,-126.345,799.498837
2 Sep 2022 23:38:00.000,-76.348,-126.595,800.184711
2 Sep 2022 23:39:00.000,-79.907,-126.846,800.723096
2 Sep 2022 23:40:00.000,-83.466,-127.097,801.105695
2 Sep 2022 23:41:00.000,-87.024,-127.347,801.326617
2 Sep 2022 23:42:00.000,-89.418,52.400,801.382460
2 Sep 2022 23:43:00.000,-85.860,52.151,801.272367
2 Sep 2022 23:44:00.000,-82.301,51.900,800.998030
2 Sep 2022 23:45:00.000,-78.742,51.650,800.563674
2 Sep 2022 23:46:00.000,-75.182,51.399,799.975988
2 Sep 2022 23:47:00.000,-71.621,51.148,799.244029
2 Sep 2022 23:48:00.000,-68.058,50.898,798.379087
2 Sep 2022 23:49:00.000,-64.493,50.647,797.394515
2 Sep 2022 23:50:00.000,-60.926,50.396,796.305528
2 Sep 2022 23:51:00.000,-57.357,50.146,795.128979
2 Sep 2022 23:52:00.000,-53.786,49.895,793.883097
2 Sep 2022 23:53:00.000,-50.212,49.644,792.587216
2 Sep 2022 23:54:00.000,-46.635,49.394,791.261475
2 Sep 2022 23:55:00.000,-43.056,49.143,789.926510
2 Sep 2022 23:56:00.000,-39.474,48.892,788.603133
2 Sep 2022 23:57:00.000,-35.889,48.641,787.312010
2 Sep 2022 23:58:00.000,-32.302,48.391,786.073332
2 Sep 2022 23:59:00.000,-28.712,48.140,784.906503
3 Sep 2022 00:00:00.000,-25.121,47.889,783.829825
3 Sep 2022 00:01:00.000,-21.527,47.639,782.860211
3 Sep 2022 00:02:00.000,-17.931,47.388,782.012908
3 Sep 2022 00:03:00.000,-14.334,47.137,781.301258
3 Sep 2022 00:04:00.000,-10.735,46.887,780.736474
3 Sep 2022 00:05:00.000,-7.135,46.636,780.327465
3 Sep 2022 00:06:00.000,-3.535,46.385,780.080684
3 Sep 2022 00:07:00.000,0.066,46.135,780.000028
3 Sep 2022 00:08:00.000,3.666,45.884,780.086769
3 Sep 2022 00:09:00.000,7.266,45.633,780.339538
3 Sep 2022 00:10:00.000,10.866,45.383,780.754346
3 Sep 2022 00:11:00.000,14.465,45.132,781.324645
3 Sep 2022 00:12:00.000,18.062,44.881,782.041443
3 Sep 2022 00:13:00.000,21.657,44.631,782.893444
3 Sep 2022 00:14:00.000,25.251,44.380,783.867233
3 Sep 2022 00:15:00.000,28.843,44.129,784.947498
3 Sep 2022 00:16:00.000,32.433,43.878,786.117271
3 Sep 2022 00:17:00.000,36.020,43.628,787.358203
3 Sep 2022 00:18:00.000,39.604,43.377,788.650858
3 Sep 2022 00:19:00.000,43.186,43.126,789.975021
3 Sep 2022 00:20:00.000,46.765,42.876,791.310015
3 Sep 2022 00:21:00.000,50.342,42.625,792.635029
3 Sep 2022 00:22:00.000,53.916,42.374,793.929439
3 Sep 2022 00:23:00.000,57.487,42.124,795.173131
3 Sep 2022 00:24:00.000,61.056,41.873,796.346806
3 Sep 2022 00:25:00.000,64.623,41.622,797.432278
3 Sep 2022 00:26:00.000,68.188,41.372,798.412753
3 Sep 2022 00:27:00.000,71.751,41.121,799.273077
3 Sep 2022 00:28:00.000,75.312,40.870,799.999969
3 Sep 2022 00:29:00.000,78.872,40.620,800.582219
3 Sep 2022 00:30:00.000,82.431,40.369,801.010854
3 Sep 2022 00:31:00.000,85.989,40.118,801.279272
3 Sep 2022 00:32:00.000,89.547,39.869,801.383340
3 Sep 2022 00:33:00.000,86.895,-140.383,801.321458
3 Sep 2022 00:34:00.000,83.337,-140.634,801.094576
3 Sep 2022 00:35:00.000,79.778,-140.885,800.706189
3 Sep 2022 00:36:00.000,76.218,-141.135,800.162277
3 Sep 2022 00:37:00.000,72.657,-141.386,799.471220
3 Sep 2022 00:38:00.000,69.095,-141.637,798.643675
3 Sep 2022 00:39:00.000,65.530,-141.887,797.692413
3 Sep 2022 00:40:00.000,61.964,-142.138,796.632131
3 Sep 2022 00:41:00.000,58.396,-142.389,795.479230
3 Sep 2022 00:42:00.000,54.825,-142.639,794.251567
3 Sep 2022 00:43:00.000,51.252,-142.890,792.968184
3 Sep 2022 00:44:00.000,47.676,-143.141,791.649017
3 Sep 2022 00:45:00.000,44.097,-143.391,790.314591
3 Sep 2022 00:46:00.000,40.516,-143.642,788.985699
3 Sep 2022 00:47:00.000,36.932,-143.893,787.683083
3 Sep 2022 00:48:00.000,33.346,-144.143,786.427106
3 Sep 2022 00:49:00.000,29.757,-144.394,785.237434
3 Sep 2022 00:50:00.000,26.166,-144.645,784.132719
3 Sep 2022 00:51:00.000,22.572,-144.896,783.130307
3 Sep 2022 00:52:00.000,18.977,-145.146,782.245958
3 Sep 2022 00:53:00.000,15.380,-145.397,781.493591
3 Sep 2022 00:54:00.000,11.782,-145.648,780.885058
3 Sep 2022 00:55:00.000,8.183,-145.898,780.429956
3 Sep 2022 00:56:00.000,4.582,-146.149,780.135464
3 Sep 2022 00:57:00.000,0.982,-146.400,780.006232
3 Sep 2022 00:58:00.000,-2.619,-146.650,780.044300
3 Sep 2022 00:59:00.000,-6.219,-146.901,780.249067
3 Sep 2022 01:00:00.000,-9.819,-147.152,780.617299
3 Sep 2022 01:01:00.000,-13.418,-147.402,781.143186
3 Sep 2022 01:02:00.000,-17.015,-147.653,781.818433
3 Sep 2022 01:03:00.000,-20.612,-147.904,782.632395
3 Sep 2022 01:04:00.000,-24.206,-148.154,783.572255
3 Sep 2022 01:05:00.000,-27.798,-148.405,784.623226
3 Sep 2022 01:06:00.000,-31.389,-148.656,785.768797
3 Sep 2022 01:07:00.000,-34.976,-148.906,786.990991
3 Sep 2022 01:08:00.000,-38.562,-149.157,788.270655
3 Sep 2022 01:09:00.000,-42.144,-149.408,789.587771
3 Sep 2022 01:10:00.000,-45.724,-149.658,790.921760
3 Sep 2022 01:11:00.000,-49.302,-149.909,792.251819
3 Sep 2022 01:12:00.000,-52.876,-150.160,793.557236
3 Sep 2022 01:13:00.000,-56.449,-150.411,794.817714
3 Sep 2022 01:14:00.000,-60.018,-150.661,796.013688
3 Sep 2022 01:15:00.000,-63.586,-150.912,797.126618
3 Sep 2022 01:16:00.000,-67.151,-151.163,798.139278
3 Sep 2022 01:17:00.000,-70.714,-151.413,799.036012
3 Sep 2022 01:18:00.000,-74.276,-151.664,799.802972
3 Sep 2022 01:19:00.000,-77.836,-151.915,800.428328
3 Sep 2022 01:20:00.000,-81.396,-152.165,800.902439
3 Sep 2022 01:21:00.000,-84.954,-152.416,801.218002
3 Sep 2022 01:22:00.000,-88.512,-152.666,801.370159
3 Sep 2022 01:23:00.000,-87.930,27.082,801.356568
3 Sep 2022 01:24:00.000,-84.372,26.832,801.177438
3 Sep 2022 01:25:00.000,-80.813,26.581,800.835527
3 Sep 2022 01:26:00.000,-77.254,26.330,800.336098
3 Sep 2022 01:27:00.000,-73.693,26.080,799.686846
3 Sep 2022 01:28:00.000,-70.131,25.829,798.897780
3 Sep 2022 01:29:00.000,-66.568,25.578,797.981074
3 Sep 2022 01:30:00.000,-63.002,25.328,796.950887
3 Sep 2022 01:31:00.000,-59.434,25.077,795.823147
3 Sep 2022 01:32:00.000,-55.864,24.826,794.615316
3 Sep 2022 01:33:00.000,-52.291,24.576,793.346121
3 Sep 2022 01:34:00.000,-48.716,24.325,792.035267
3 Sep 2022 01:35:00.000,-45.139,24.074,790.703140
3 Sep 2022 01:36:00.000,-41.558,23.824,789.370491
3 Sep 2022 01:37:00.000,-37.975,23.573,788.058108
3 Sep 2022 01:38:00.000,-34.389,23.322,786.786498
3 Sep 2022 01:39:00.000,-30.801,23.072,785.575563
3 Sep 2022 01:40:00.000,-27.211,22.821,784.444280
3 Sep 2022 01:41:00.000,-23.618,22.570,783.410407
3 Sep 2022 01:42:00.000,-20.023,22.320,782.490190
3 Sep 2022 01:43:00.000,-16.427,22.069,781.698110
3 Sep 2022 01:44:00.000,-12.829,21.818,781.046642
3 Sep 2022 01:45:00.000,-9.230,21.568,780.546055
3 Sep 2022 01:46:00.000,-5.630,21.317,780.204247
3 Sep 2022 01:47:00.000,-2.029,21.066,780.026612
3 Sep 2022 01:48:00.000,1.571,20.815,780.015956
3 Sep 2022 01:49:00.000,5.172,20.565,780.172446
3 Sep 2022 01:50:00.000,8.772,20.314,780.493611
3 Sep 2022 01:51:00.000,12.371,20.063,780.974382
3 Sep 2022 01:52:00.000,15.969,19.813,781.607175
3 Sep 2022 01:53:00.000,19.566,19.562,782.382013
3 Sep 2022 01:54:00.000,23.161,19.311,783.286690
3 Sep 2022 01:55:00.000,26.754,19.061,784.306970
3 Sep 2022 01:56:00.000,30.344,18.810,785.426816
3 Sep 2022 01:57:00.000,33.933,18.559,786.628647
3 Sep 2022 01:58:00.000,37.519,18.309,787.893626
3 Sep 2022 01:59:00.000,41.102,18.058,789.201950
3 Sep 2022 02:00:00.000,44.683,17.807,790.533173
3 Sep 2022 02:01:00.000,48.261,17.557,791.866522
3 Sep 2022 02:02:00.000,51.837,17.306,793.181225
3 Sep 2022 02:03:00.000,55.410,17.055,794.456832
3 Sep 2022 02:04:00.000,58.980,16.805,795.673534
3 Sep 2022 02:05:00.000,62.548,16.554,796.812463
3 Sep 2022 02:06:00.000,66.114,16.303,797.855981
3 Sep 2022 02:07:00.000,69.678,16.053,798.787951
3 Sep 2022 02:08:00.000,73.240,15.802,799.593977
3 Sep 2022 02:09:00.000,76.801,15.551,800.261621
3 Sep 2022 02:10:00.000,80.360,15.301,800.780590
3 Sep 2022 02:11:00.000,83.919,15.050,801.142887
3 Sep 2022 02:12:00.000,87.477,14.799,801.342935
3 Sep 2022 02:13:00.000,88.965,-165.452,801.377654
3 Sep 2022 02:14:00.000,85.407,-165.703,801.246509
3 Sep 2022 02:15:00.000,81.848,-165.953,800.951519
3 Sep 2022 02:16:00.000,78.289,-166.204,800.497225
3 Sep 2022 02:17:00.000,74.729,-166.454,799.890626
3 Sep 2022 02:18:00.000,71.168,-166.705,799.141070
3 Sep 2022 02:19:00.000,67.604,-166.956,798.260120
3 Sep 2022 02:20:00.000,64.039,-167.206,797.261376
3 Sep 2022 02:21:00.000,60.472,-167.457,796.160278
3 Sep 2022 02:22:00.000,56.903,-167.708,794.973866
3 Sep 2022 02:23:00.000,53.331,-167.958,793.720527
3 Sep 2022 02:24:00.000,49.757,-168.209,792.419714
3 Sep 2022 02:25:00.000,46.180,-168.460,791.091646
3 Sep 2022 02:26:00.000,42.600,-168.711,789.757000
3 Sep 2022 02:27:00.000,39.018,-168.961,788.436587
3 Sep 2022 02:28:00.000,35.433,-169.212,787.151031
3 Sep 2022 02:29:00.000,31.845,-169.463,785.920440
3 Sep 2022 02:30:00.000,28.255,-169.713,784.764095
3 Sep 2022 02:31:00.000,24.663,-169.964,783.700136
3 Sep 2022 02:32:00.000,21.069,-170.215,782.745280
3 Sep 2022 02:33:00.000,17.473,-170.465,781.914544
3 Sep 2022 02:34:00.000,13.876,-170.716,781.221009
3 Sep 2022 02:35:00.000,10.277,-170.967,780.675607
3 Sep 2022 02:36:00.000,6.677,-171.217,780.286940
3 Sep 2022 02:37:00.000,3.077,-171.468,780.061140
3 Sep 2022 02:38:00.000,-0.524,-171.719,780.001774
3 Sep 2022 02:39:00.000,-4.124,-171.969,780.109777
3 Sep 2022 02:40:00.000,-7.725,-172.220,780.383446
3 Sep 2022 02:41:00.000,-11.324,-172.471,780.818459
3 Sep 2022 02:42:00.000,-14.922,-172.721,781.407954
3 Sep 2022 02:43:00.000,-18.520,-172.972,782.142633
3 Sep 2022 02:44:00.000,-22.115,-173.223,783.010921
3 Sep 2022 02:45:00.000,-25.709,-173.474,783.999149
3 Sep 2022 02:46:00.000,-29.300,-173.724,785.091780
3 Sep 2022 02:47:00.000,-32.889,-173.975,786.271654
3 Sep 2022 02:48:00.000,-36.476,-174.226,787.520268
3 Sep 2022 02:49:00.000,-40.060,-174.476,788.818069
3 Sep 2022 02:50:00.000,-43.642,-174.727,790.144765
3 Sep 2022 02:51:00.000,-47.221,-174.978,791.479644
3 Sep 2022 02:52:00.000,-50.797,-175.228,792.801901
3 Sep 2022 02:53:00.000,-54.370,-175.479,794.090959
3 Sep 2022 02:54:00.000,-57.942,-175.730,795.326790
3 Sep 2022 02:55:00.000,-61.510,-175.980,796.490223
3 Sep 2022 02:56:00.000,-65.077,-176.231,797.563233
3 Sep 2022 02:57:00.000,-68.641,-176.482,798.529220
3 Sep 2022 02:58:00.000,-72.204,-176.732,799.373258
3 Sep 2022 02:59:00.000,-75.765,-176.983,800.082318
3 Sep 2022 03:00:00.000,-79.325,-177.234,800.645467
3 Sep 2022 03:01:00.000,-82.884,-177.484,801.054026
3 Sep 2022 03:02:00.000,-86.442,-177.735,801.301703
3 Sep 2022 03:03:00.000,-90.000,-11.537,801.384686
3 Sep 2022 03:04:00.000,-86.442,1.763,801.301697
3 Sep 2022 03:05:00.000,-82.884,1.513,801.054013
3 Sep 2022 03:06:00.000,-79.325,1.262,800.645448
3 Sep 2022 03:07:00.000,-75.765,1.011,800.082294
3 Sep 2022 03:08:00.000,-72.204,0.761,799.373228
3 Sep 2022 03:09:00.000,-68.641,0.510,798.529185
3 Sep 2022 03:10:00.000,-65.077,0.259,797.563194
3 Sep 2022 03:11:00.000,-61.510,0.009,796.490180
3 Sep 2022 03:12:00.000,-57.941,-0.242,795.326745
3 Sep 2022 03:13:00.000,-54.370,-0.493,794.090911
3 Sep 2022 03:14:00.000,-50.797,-0.743,792.801851
3 Sep 2022 03:15:00.000,-47.221,-0.994,791.479593
3 Sep 2022 03:16:00.000,-43.642,-1.245,790.144714
3 Sep 2022 03:17:00.000,-40.060,-1.495,788.818019
3 Sep 2022 03:18:00.000,-36.476,-1.746,787.520220
3 Sep 2022 03:19:00.000,-32.889,-1.997,786.271608
3 Sep 2022 03:20:00.000,-29.300,-2.247,785.091737
3 Sep 2022 03:21:00.000,-25.708,-2.498,783.999110
3 Sep 2022 03:22:00.000,-22.115,-2.749,783.010885
3 Sep 2022 03:23:00.000,-18.519,-3.000,782.142602
3 Sep 2022 03:24:00.000,-14.922,-3.250,781.407928
3 Sep 2022 03:25:00.000,-11.324,-3.501,780.818440
3 Sep 2022 03:26:00.000,-7.724,-3.752,780.383432
3 Sep 2022 03:27:00.000,-4.124,-4.002,780.109770
3 Sep 2022 03:28:00.000,-0.524,-4.253,780.001773
3 Sep 2022 03:29:00.000,3.077,-4.504,780.061146
3 Sep 2022 03:30:00.000,6.677,-4.754,780.286951
3 Sep 2022 03:31:00.000,10.277,-5.005,780.675625
3 Sep 2022 03:32:00.000,13.876,-5.256,781.221033
3 Sep 2022 03:33:00.000,17.473,-5.506,781.914573
3 Sep 2022 03:34:00.000,21.069,-5.757,782.745314
3 Sep 2022 03:35:00.000,24.663,-6.008,783.700175
3 Sep 2022 03:36:00.000,28.255,-6.258,784.764137
3 Sep 2022 03:37:00.000,31.845,-6.509,785.920486
3 Sep 2022 03:38:00.000,35.433,-6.760,787.151078
3 Sep 2022 03:39:00.000,39.018,-7.010,788.436637
3 Sep 2022 03:40:00.000,42.600,-7.261,789.757050
3 Sep 2022 03:41:00.000,46.180,-7.512,791.091696
3 Sep 2022 03:42:00.000,49.757,-7.763,792.419764
3 Sep 2022 03:43:00.000,53.331,-8.013,793.720576
3 Sep 2022 03:44:00.000,56.903,-8.264,794.973912
3 Sep 2022 03:45:00.000,60.472,-8.515,796.160322
3 Sep 2022 03:46:00.000,64.040,-8.765,797.261416
3 Sep 2022 03:47:00.000,67.605,-9.016,798.260156
3 Sep 2022 03:48:00.000,71.168,-9.267,799.141102
3 Sep 2022 03:49:00.000,74.729,-9.517,799.890652
3 Sep 2022 03:50:00.000,78.289,-9.768,800.497246
3 Sep 2022 03:51:00.000,81.849,-10.019,800.951533
3 Sep 2022 03:52:00.000,85.407,-10.269,801.246517
3 Sep 2022 03:53:00.000,88.965,-10.519,801.377656
3 Sep 2022 03:54:00.000,87.477,169.229,801.342931
3 Sep 2022 03:55:00.000,83.919,168.978,801.142877
3 Sep 2022 03:56:00.000,80.360,168.728,800.780573
3 Sep 2022 03:57:00.000,76.801,168.477,800.261599
3 Sep 2022 03:58:00.000,73.240,168.226,799.593949
3 Sep 2022 03:59:00.000,69.678,167.976,798.787918
3 Sep 2022 04:00:00.000,66.114,167.725,797.855943